video_id,target_day30_views
7384177529092951338,14067.539098022104
7384193851700956447,4938.605413344266
7384194290215292190,389.3577086508809
7384194754822655278,332.4496399088948
7384197193470676266,8669.766889305825
7384200334689848622,341.4978871943981
7384200797862579498,440.5988366078085
7384205838946159902,4265.2212001526705
7384205914791841054,1223.808098642878
7384207738194152735,159199.250535607
7384207980855676190,23173.777040877678
7384208099479063854,339.0909858614548
7384210748752366891,4850.959185085377
7384212997520067886,302.97598564189923
7384214115461451050,321.42827135187946
7384215709175303467,331.45644383304113
7384217445483023658,539.2012666068665
7384220441553931550,3657.653792861032
7384222971503643935,889.1540698561436
7384226138840780074,475.30675564056753
7384236102875368735,162584.29946062574
7384244962147224863,211.3837622786687
7384246234141314347,289.35511229655486
7384254157101829418,657.573408493115
7384255424867962155,651.9482968510154
7384261918338469163,294.66352333318997
7384268286478961963,772.0753615750991
7384277925463510318,3362.6387413131247
7384290945795132702,1213.538197081591
7384295081311866158,10474.640125408012
7384564522704473375,288.31229203146967
7384568214904196398,282.76319737427974
7384569017698192670,23155.7150887839
7384575308319509802,664.0921851144489
7384583686013930782,268.6490816579047
7384583807111826718,643.192937239277
7384588991645011246,369.9014278034251
7384593247043210539,18532.89707468762
7384594973729082667,717.6209558814929
7384595929703140654,96.43539019985216
7384597663850712366,787.763257627295
7384600223508663583,172884.22005075275
7384602777055530282,273.7863860537336
7384603756479941930,1483.7777260760558
7384605735444974894,695.2199490251617
7384612032558976299,799.4490532540688
7384612071989595434,3511.8828171807168
7384615726096665899,542.4198667521592
7384620730752814378,113694.26650834265
7384628081870245166,2791.567288098709
7384628990734159150,1348.6752358793055
7384646781092564254,809.466528708204
7384648452493397279,14520.268895019315
7384649381527522602,407.89230207913283
7384650381000707370,369.2370513689226
7384650426488163630,841.0177824910585
7384651538918051103,7509.842390843971
7384658576314240299,382.74796899800486
7384658635915283754,187.83969751209534
7384663720175242542,282.12033815346774
7384668972089740552,175.9681773571844
7384938675731205407,947.2182395513248
7384938782707125550,76.67182042370301
7384955766727314719,423.0185668770423
7384957309576809759,322.7535696123452
7384958968801643819,222330.6445155074
7384965723157908782,434.88955948044156
7384970458115902762,804.9184640647333
7384970726140382506,1456.5098197196435
7384975234455194923,451.21922658123174
7384975315463884075,825.3755365779565
7384978786787314974,84188.4337027972
7384983868035779886,399.20973111222247
7384985368178724126,441.38570705743314
7384985850108448043,503.7408123906488
7384986591766498606,323.29609035098986
7384991324551875883,186346.71148949908
7384993289147059487,1005.7721742440202
7384993660284226862,1643.558684489816
7384994809880137002,533.2207739509658
7384996099955756331,340.1925117960982
7384996826140675370,96070.54486384992
7385003689162984746,72.0556288746324
7385005337599839531,20277.423012966006
7385014043808992555,1791.4517019265998
7385021925359193375,268.0546830400011
7385027543277096234,907.6125763171818
7385030378458795294,167.20323800769583
7385032194659519790,16049.930574659293
7385038492939586858,1298.0071300895574
7385040354476723502,265.93741882972796
7385042701953027374,19824.086004287285
7385310508477451563,1449.6280573171055
7385315576853318955,283.3845675367812
7385326811380550954,6068.750929954067
7385335423687527711,307.2792903112541
7385337536526388526,86.8237497657767
7385337594139331886,280.9609983429462
7385339319537634606,649.4678784423056
7385340393581448494,880.3409348527277
7385341239933095211,6357.278759723312
7385342068312247583,287.3144255766608
7385345708569693486,1163.4480770739228
7385369497231822123,1287.1163031799028
7385372761553751338,736.349858139831
7385374732767759662,83146.33776833084
7385375072032279851,247.13617030953634
7385376360107117855,195.9579175974462
7385376428725947678,250.19495290004556
7385378949473340702,719.943594804324
7385388623253867807,269.94518771357923
7385391242013723934,290.0822717409331
7385393224363298079,384.1149543241444
7385409578894118186,309.42677490357244
7385661030044552478,5244.011651419174
7385679521246121223,244.33779213733425
7385685044993608991,120.38766580965833
7385685381670309151,32871.487617310144
7385688108202773803,383.7983418003275
7385690797318065454,305.0823991983189
7385700400219032878,566.6086679781508
7385700771943271710,323.78148184757083
7385706382315539754,1295.1332685947177
7385708038809816366,3014.538797072866
7385708418293665066,264.0641041335736
7385711270911020319,1393.6026230274247
7385713307610647851,358366.122131348
7385714775470214442,957.2740158599966
7385715521993461035,307.1306343359614
7385734096418377003,1221.2346681663719
7385734873874435358,74.75522861549845
7385739143155911967,721.0741734984874
7385743995181321515,321.0907817107342
7385745527989603630,1949.5560226653513
7385753698322107694,307.6222930357891
7385758657138543914,140219.40046986993
7385759536860204331,4181.563155180722
7385759988091735339,5508.348941584935
7385763054316981550,459.0617767110425
7385771740271545643,382.49083394246935
7385784706400324906,259.8250581372034
7386053398098873643,1690.0007001588667
7386065167064403246,341.86093309024363
7386069192019021098,5676.1812098838245
7386071478946598187,1005.2316840287261
7386072032674434346,1521.4751204389152
7386072526209715498,1436.0842466393283
7386073290495986990,315.7790111460621
7386074694400691502,325.0314760643924
7386080345180884255,348.30061985853865
7386092848254340394,7753.231421228096
7386099410272488750,180.9890207503695
7386100539181780232,273.1771747910134
7386105612838407454,142.71854398580157
7386109379944271146,2536.788730572165
7386115528089292075,20214.692350257148
7386121917708668202,6274.780604131491
7386122183858228511,2236.311059783801
7386126427684621614,672.4728812171959
7386137461795081503,215.6297106101601
7386147782194728222,380.88504806715883
7386156294199102766,482.5546095055417
7386340025107008814,1449285.3506818395
7386422957406506283,348.13952692052516
7386426669113920814,10755.31047756433
7386427295763811614,283.88934602862037
7386432036367650054,1277.8205221289038
7386432525863750954,1670.150598534683
7386433041842867498,17405.336646030522
7386435551223631135,281.3833780278019
7386437133772344618,281.6592259944993
7386438802920705310,266.91203703414527
7386443898270256426,1648.2578277965633
7386444895021518126,332.16166385565634
7386445772125998379,185066.3179444094
7386450995456347423,301.4189891922387
7386453463162572062,7652.718767437933
7386458169687526686,253.63896892463563
7386464885141474602,64.50379564023225
7386467156592053535,285.7908428422073
7386467978436545823,346.30096502507286
7386471720183532830,671.5003856569808
7386479017668431146,1022.0785819598965
7386479916658740523,39035.46940868905
7386481141475298602,270.2184265238955
7386488145539304735,1120.7317118947165
7386794274102185259,305.83241691426883
7386805031988759839,501.97101450499014
7386805681329917214,16518.01973762259
7386808668253211947,366.5778017850716
7386810389679476014,627.4935708501773
7386814380043734315,680.5173672162549
7386820448887115039,1090.0940219629729
7386820472593370414,609.2609566175117
7386821720834903342,304.5623572305567
7386822923509681450,21927.465594349575
7386823742179036447,337.88056532221424
7386825888098192683,2866.4497430292895
7386826547283381534,211.5531173419381
7386829702486428959,955629.8238455749
7386832410144509226,4675.859159820712
7386834163959221534,492.81103326378144
7386834799316471082,1004.9017799454654
7386835238007196958,230.59752896126025
7386836797763898655,1425.3960318815607
7386839905298648366,507.64059065233204
7386843181629033774,1014.0171615358516
7386844372823805214,396.7899033987318
7386847224535338271,360.4852576532679
7386847268080454955,2423.979393728453
7386847467217734955,133384.4631123398
7386852423345720607,403.3404459678043
7386884018794515742,285.94664408665597
7386892633957879083,311.2245294096052
7387169456646081823,6942.288119892267
7387172298576481567,36223.252374094365
7387181363352341791,855.1578314415486
7387182041995119918,39252.292435598014
7387182317346786603,795180.3319100051
7387183818148515115,484.1706894860792
7387184300464098591,1444.3218217779738
7387191587433958699,552482.0443547681
7387193752521035039,303.6584674291176
7387194466446232874,283.25416071722475
7387196035103214878,336.10016916299725
7387198951574916398,1681.8933221272691
7387200823564029230,2831.9091364772394
7387202628826008874,364.4322074549074
7387204071054200106,29161.06985074275
7387204635402226990,275.09213743950994
7387210998807153962,390.4418339866633
7387219313289121067,450.21077331245095
7387225453666258219,334.992408633773
7387237746206706949,330.2648531788587
7387241370051693867,350.5509379870953
7387249093472537886,1502.0131862024007
7387252499184471339,889.6057115236254
7387257706450619678,275.53540060254056
7387264972746771743,373.410154229429
7387548747284155690,155.88046395414398
7387549450224291105,907706.6105275629
7387551562073115946,449.8444294556997
7387561824616549674,1086.1032049222806
7387565233822289183,51648.126508901856
7387568270217399583,1100.0320963458066
7387568878630554911,705.2262279054141
7387571071106452766,431.2200777266259
7387578272801934623,909.0050049766751
7387586660210330911,3238.3639222751644
7387586687729175851,307.8383196875667
7387602190556286250,660.3236156377343
7387604921912167723,337.4808147235648
7387606907848150318,303.05422964502367
7387607338376498478,25266.905099825093
7387608580414803243,2054.3135884888475
7387612252540521771,33682.2352820375
7387619489321323819,319.0323341197009
7387623253986037022,184.49425508616417
7387625911538945322,22022.743143531254
7387628532383452458,112.36989178753583
7387904107031366958,2254.941094084709
7387907239320751390,578.2533186555793
7387911558216666399,1260.1825533364906
7387913861229284650,629.575663171491
7387917671133711647,203.352720983707
7387927824692284714,1401.4669501503954
7387933753944870175,163.17618364007362
7387934921131576618,1237962.6996933941
7387939062126021930,839.4398640487194
7387940079987117343,14361.520495175395
7387940894655204650,300.1487760572244
7387941161249328430,363.97336530210595
7387945474340195614,329.88005061081043
7387945890117471519,35927.68241107285
7387946037543030047,1462.6340083786697
7387953457883335967,5799.547896388211
7387962408058227999,432.9686750701641
7387967752755105067,606.0862556478229
7387968848881880366,1672.1102805499636
7387972373737164074,342.25801921636076
7387975451173522731,376.1958940030157
7387977599709973790,613.9544939165949
7387977806220725546,274.4604748600908
7387980765243493662,275.7817096338727
7387981649809591598,417.915383521304
7387982409435761963,840.493172448217
7387987928510680362,419.51119517793086
7387994361423809838,2315.737597677851
7387999244050910494,723.5316671809367
7388002989950242091,831.2449952924901
7388007929259035947,409.1199258395168
7388009686970289454,136.2229203548919
7388275824815852843,295.78520613965225
7388283704508042539,2670.8610699195597
7388288757750877482,19197.115430448877
7388293919039048991,82.2923828295729
7388296821514423598,413.8714960393604
7388300575768661290,433.47575531129206
7388302551424273695,1175.4184298868188
7388311963350076714,346.6063547777375
7388337502211394859,292.5540738423999
7388339268659285279,3068.295760070406
7388354128382151982,297.61544030121524
7388359966370893087,3347.3094384749697
7388367973787979051,328.12827552143307
7388647355962395950,148.4200207225379
7388656616301759775,262.76223579540465
7388668694462729502,262.56777791478805
7388684143795719466,748.4015875500492
7388695922991009066,1036.4140647469744
7388701496424107295,207.96215262761658
7388726083849571630,180.20154351189635
7388734732189617451,4505.0397891128105
7388735665803939118,284.26459881960955
7388736058030279982,263.39788105262244
7388743114581773614,730.7837714700842
7389018811032227118,8934.494003003903
7389020061857500458,697.3936836340608
7389027260826684702,336.1472339722703
7389030009916149023,379.5148034068205
7389030032934522155,778.720243931569
7389030163775802670,382.0486454920454
7389035149775654175,696.4297334986384
7389042384044133675,3200.2960757148467
7389045875340774702,541.7521649664919
7389048708509224235,378.49908435351614
7389055343579483422,657.3835358272479
7389060738293288234,1003.594271543361
7389067314479566126,2147.7480375443247
7389081273282743594,1048873.3775551412
7389081832677051678,154.37199630537015
7389083608171957550,1097.6711899438812
7389085358765428010,633.1105037175973
7389091579316981038,8805.953163807593
7389094506659941674,717.786969832207
7389097864774831403,1643.5708442507726
7389101369275338027,748.7984850348428
7389105842294918442,629.1026155717831
7389110637177097515,9521.915820513172
7389392999714704682,326.2872375073686
7389395496760036650,2047.2641271909117
7389395546789694763,341.82314912469866
7389401052308606238,289.87650207794434
7389403396215721259,993.3338840761884
7389405534195174686,2572.5909195909535
7389409876788677919,213.2490174461469
7389410299939523883,8125.381348883266
7389412793562189099,10968.81145234199
7389417793797541150,136123.1204937355
7389426539928014122,1012.1387819528852
7389428304433990942,7465.155708810892
7389429298513431854,422.3044375901326
7389429678404029727,233.14711411034332
7389437300385516842,4939.732237168555
7389442116524576006,3097.813659027758
7389448777570061611,343.2625621527979
7389453711795555630,236.44375135299043
7389465990268079390,2014.5258347484935
7389485289271545130,1454.4535666913384
7389485467005111594,418.72906561448906
7389486626503757098,474.2535584631499
7389486969291558175,410.41973199589467
7389759003435322655,273.89703284078746
7389762134814510367,177.97608596069003
7389764419716435246,5165.673698212811
7389764738965589279,43.947477644279545
7389766090827582750,521.2739243353501
7389770130772856110,259.7154981907107
7389770616355786014,61464.81769392812
7389778456608886059,22208.058128599492
7389790968330849579,830.1915992557002
7389791569789963563,199.7815979638852
7389800171820879134,359.68402004703904
7389803937492143390,3473.7609465453233
7389810738694491423,3348.5702064849283
7389824480929041710,533.7492318326401
7389826284668505390,21530.45846266307
7389829902406634783,66.64329221460142
7389833470991895854,505.6870338206033
7389834446398098718,1309.555341611499
7389841761805290795,277.5783005679938
7389845960521682222,4157.585705194457
7389853919880514847,664.4642680111999
7390130728203291947,357.27637619871786
7390132937213234478,539.9346750228989
7390133310950837535,17340.36325857703
7390137050684525855,380.94286937606176
7390141646425378078,324.4144807670549
7390147128095460654,14278.948954030173
7390150870555528478,823.7933560689511
7390155880957791519,322.3432603490049
7390156670422371614,310.0331875629186
7390157210262752554,2230.1841334328337
7390168145002007851,265579.34060374124
7390172957185756447,503.08226170580446
7390174496969313579,271.87189123943705
7390177484827790622,249.1597828243856
7390180777595571487,621.5022034477417
7390181099835591966,293.91505524377965
7390182466851458346,18713.598271804523
7390185779521146142,417.74120656610665
7390187715951611167,8556.91074036933
7390189514901228831,546.9458432211919
7390194767612611886,1405.1923762647743
7390196710544346411,1020.215123158782
7390235003977878815,657.1931230736568
7390503949897420075,10051.447167225273
7390515745320373546,6247.275286444623
7390519295307975967,304.4424969079083
7390522133274709290,448.6783942146227
7390523393218465067,112829.59996231901
7390523524328213790,404.1772113765402
7390524116190743838,11360.319828495762
7390524849149725998,283.7314950235611
7390526842165284138,311.351618520989
7390526890731130155,125.96050402472672
7390528032202657054,1490.547551227779
7390534465770097950,1979.174216967201
7390539514910887211,25857.361060821215
7390547712262933791,126995.39407292192
7390548344591961374,795.8688691307382
7390549844642811157,740.2248877333548
7390553609244560671,142.69945207123865
7390556921536793902,18939.170783139085
7390560179575737630,264.70279341899067
7390563466207202606,1847.4998032372102
7390573434113183006,2899.005356278871
7390575846794300714,2390.2172714646063
7390583732639501611,848.5781922841024
7390583781482073390,147448.48026833934
7390593407628102958,155.8764585164327
7390607212562877738,1445.2574357659068
7390884805698686239,232.63865283705263
7390884949538147614,558.1731846602972
7390885619674778910,595.3881046552982
7390885698569522462,620.5785242793387
7390900486276140319,27.108810435578317
7390905975344991531,274.16918763701995
7390907657181236511,13183.330442638617
7390929553293659435,448.5121425800834
7390936545399754014,360.0182340313219
7390937029753933102,1262.5158305167058
7390941776648965407,151.84802067582513
7390949881034083614,975.0691025754352
7390950304927190303,257.4633926163489
7390955703168552235,2324.2108864945917
7390958580263816491,40836.69633988217
7390959568236416286,318.89134192316055
7390964003364670750,796.51689226027
7390971737870978335,972.5424373644435
7391248175408958763,310.2546117887892
7391251622774541610,60712.98235851109
7391252514529627434,145001.91900147908
7391256241835609387,340.09352273000945
7391263417140514078,297.4446569035575
7391270074402802987,11666.765413815436
7391270982087920926,165.66081180672262
7391272165951212842,186.9138046890592
7391274577176857898,300.5918224131342
7391275170121452830,41.99533524027511
7391275954716347691,1070.1073289585809
7391284620718804254,9879.933702434148
7391290074211585311,950718.6314120932
7391290115735227691,4637.89898434894
7391290658176175403,5327.045992778634
7391295259889732906,428.6005689099957
7391295277342182687,239.5848948993127
7391295919955643691,291.40175287555235
7391297011175181598,348.7580236476378
7391299849964244270,303662.02252007124
7391307523669642527,402.3955589979707
7391313412590013738,844.3542256365221
7391330803961040159,537.9892822236213
7391333019010829599,517.7372098300834
7391339380658523438,5092.9084076434465
7391618059313712414,236.517122025324
7391620637254520106,236.26924644455192
7391620705374276906,230.56573531871467
7391627587631467818,498.7560333397074
7391631415458286894,6413.084104784955
7391641386103180586,1085.9444851256324
7391642736333507870,502.45464458036804
7391642926847167775,3983.0782755380715
7391644627956288799,1106.43786065632
7391656205074189599,590.2075306286692
7391659601374104863,244.30127235939275
7391660927092903211,14519.989114167282
7391662152756579627,755.2593649043959
7391665087376903467,383.7967057115743
7391674164958055711,325.068852448701
7391676062066904350,2811.908684312842
7391676165418716458,360.52703353417377
7391676969928150302,870.900826506363
7391678878466592031,1046.80132426395
7391684393229733150,413.9748668453525
7391684930637434142,337.31579074274686
7391688475646397726,536.8953999828044
7391692231582698782,679.580843464941
7391694418182704430,1158.4191066738426
7391694498314702123,905.8846696002502
7391697441206062367,570.1899912448819
7391702047705419051,309.6152329532161
7391707854668942622,1904.8573007677774
7391713397437467946,1075.4173722066257
7391719892745145646,1015.0035374042196
7391988699791117599,1167.754414844336
7391988856859413803,215.01491403279823
7391992834976484639,389.718879220792
7391993043043274014,16885.730957159707
7391994807121464619,2068.681476844434
7392002998127398186,185628.078535487
7392010165735656734,4529.9166291967895
7392010362306006314,377.72130131177175
7392010755287158046,677.720731715893
7392012158646701354,707.6508743231589
7392013294631931166,856.2984489854462
7392013834191424811,559.2753363708377
7392018102835350814,357.04801756280483
7392023380188302597,8185.4191246665305
7392023382474313006,254.16537061761065
7392028351105469738,3178.673682995125
7392030268380417326,1860.8394312359592
7392032641324780830,285.6373264845939
7392037595783367967,238.11688953308325
7392038251499900191,3546.4301851697614
7392043535823818015,410.22242432036
7392048635258719518,4197.996138134031
7392056436051905838,270.4381710245207
7392057702962253087,7025.79079263624
7392062738950049070,1357.7315629842888
7392066331648068894,148.38311444455329
7392071545776098603,697.9948358444647
7392092395963206954,3242.2594984327225
7392366393653464350,27984.689327476626
7392370042941213998,41543.863633026165
7392370893202279723,271.1780925283166
7392371291090636062,359.2074292992734
7392373937658727710,277.7743383333416
7392374113031048478,208.10046879463226
7392379092047236394,5912.63296131174
7392380111326154015,738.0461292225172
7392380158306503982,15502.53923200765
7392386818269809963,5943.637103217346
7392389808795946270,1387.860049241106
7392392274816159018,765.8121187740488
7392396362500934942,597.0222540007128
7392397597501148459,56524.099236705995
7392399378205560110,31499.54028992327
7392400438450081054,93.831868769382
7392401531842153774,231.67149326235167
7392401794195901738,247.43257358563224
7392402919578012959,393.88241722534997
7392404524104764703,232.62347485916953
7392405826482441502,23838.034963816317
7392406370055687470,48049.75606509892
7392408974978633006,249.01304041292696
7392410545397321002,3876.2485027042144
7392411611270565150,2442.0476423525315
7392423264657919278,644.7699768804372
7392428909888802091,3891.142426012658
7392429503244422430,6004.362788146399
7392439337444445470,23.695182364633137
7392456452159425834,215.7089401631155
7392737828322512158,90.39718063623751
7392743370382380334,154548.26353372072
7392747961484135722,745.7885296780927
7392749625045781790,581.9999838230358
7392751274820750622,26524.24956454787
7392752650019736863,2358.5512480270263
7392753239709469982,116674.64879441242
7392759647817501983,4798.640440499511
7392762322667769118,26669.20421402841
7392764616062962990,352.75560607421244
7392765150622715167,906245.9114131229
7392766090905931051,23839.34656949547
7392766761562623263,152692.8757199081
7392768510042049823,427.8181310109816
7392774738935909662,296.34303931984323
7392787323831864619,787.2048916891843
7392789232990866718,476106.3367014801
7392789739352460574,328.79726207199775
7392799139525905706,312.21887538578966
7392804766725721386,248.22661406748475
7392808241819913515,1369.3366881198167
7392808673279528222,13757.236051728367
7392809026574241067,596.2308573223919
7393100378729925931,825.4297854722672
7393104856418012462,1459.553385540726
7393108657082322206,3007.7715280609873
7393109796469181738,377.6434254067317
7393111566373244202,511.04328033876953
7393125863388106026,425.869366557431
7393126972857044267,3680.3830390138514
7393131409604414751,361.65869946881685
7393132932124364078,141.1385047108989
7393137181398748459,291.2238272320893
7393143789914869038,2665.3833792589603
7393145639640501535,655.5429475461095
7393148983025208581,26711.065274994202
7393150552718265631,286.72576379287955
7393155109699603758,162.6992877906835
7393164226103184686,249.16814973748646
7393174723808464171,393.11366108515386
7393174771845909803,460.6825017799195
7393182645661846827,1145.046339950852
7393184866998750494,878.8720468191875
7393187470420004127,245.0829969619859
7393190663510117674,3845.7714725698024
7393197780631686430,264.367212372371
7393475101947268398,942.4150936105955
7393476186833276190,953.0900051114482
7393477524841450783,121888.20934950063
7393484559339244843,375.6245143315238
7393488937379007787,952.6014283956276
7393495679752080682,261.77481704600496
7393500623703919902,3054.2330440275655
7393521891736177951,3565.7204069816275
7393526113064045854,425.68763844818716
7393526243968306475,493.0251332062873
7393528234501098782,326.7990452424474
7393533099671407915,1006.5794802294133
7393534257869655326,275.8740324536897
7393554802929634590,547.7845174616692
7393554921670364446,396.8313205401031
7393563741142535470,679.2356803080822
7393585323265035550,9194.114290291265
7393842368019057951,728.6425205819329
7393848827318390046,205.55081065906697
7393855729213377838,494714.90351090656
7393859627189980462,666.4851377161572
7393863251278236958,320.31441140180124
7393870462691921194,1235.2999877101201
7393871185320234271,5013.565077473364
7393871366346378538,187.95993077664326
7393872571625655598,2301.5880494736984
7393876121831443754,818.7088066615958
7393876235501243690,76462.09067334418
7393877716673809710,398.82387995039204
7393877888157764907,1573.6761758273294
7393879715712421163,662.3208461601175
7393880922094882054,316.6101201780363
7393884164115696927,287.29699272260734
7393885728083545374,564.6508520853691
7393887504690171179,793.6638608136179
7393888991365303582,7534.46305791861
7393893128291306794,981.8157699003938
7393916221155970334,345.9112308582072
7393927459772615967,534.2695667415235
7393934196844039466,14005.299252001254
7393946839004794155,356.73675250901533
7394212359612419374,425.4374986575939
7394214775208693023,324.3099668746196
7394214920243399978,964.4253289395465
7394220417432489247,70707.61626113225
7394227114775711022,345.5768599689601
7394227723796761898,715.5441231418297
7394231880704347422,547.3575012690392
7394233244494892318,387.2109269029737
7394238013087255839,1769.3477862760071
7394239061621214506,275.4313030460451
7394240374769749291,325.59434116597697
7394249755460717855,830.23317235921
7394254935401041182,244.2769725821645
7394256712141737247,339.2555942646021
7394262789302373675,1234.9550949708453
7394264918192606494,1961.1492476654203
7394267340382276895,600.9837933235458
7394268585582955806,661.9283463914483
7394269507893710123,7339.169589235387
7394270243926854942,307.95723384959814
7394276654580763946,497.4845220364585
7394287950034423082,306.5846779059292
7394296628699499806,3531.525104621242
7394304270792740138,388.1578763003834
7394304560434597166,1064.3843798055452
7394316065599180062,169.97403340744592
7394316887674375466,29836.557766314567
7394503051006070058,2317.77076618666
7394592740350397702,369.94223950304786
7394593932732075294,439.8082262366144
7394595649129286955,3690.48742329124
7394610117183917342,11699.544306994367
7394611721924594975,460.25955550036616
7394611768279960874,1261798.0278184623
7394612767757471006,1856.0216396451258
7394614531265154346,1196.0027523123085
7394615855352663327,390183.7974511004
7394623624965000494,10212.58587852494
7394628134496111915,1399.5616775585133
7394633431608528171,385.8610060045545
7394635807388126507,271.0506574762991
7394637768917355822,1288.9407654141473
7394638516870860074,1227.3945682374456
7394640227144568110,2764.4144640125464
7394643458809482526,3491.999853940687
7394650615156084010,21894.47851792623
7394651349557808414,370.84202226905717
7394653231030242606,120.59436417743491
7394665196377165086,1345.3507814923455
7394681457588866334,207.48939891732562
7394683396213017899,438.916877995458
7394939279719533870,85207.77255061094
7394956769426083118,446.88328498277997
7394959055652932906,360.8221003073557
7394959859441028383,606.288523206411
7394960086201863470,343.3592750231079
7394968268567481631,655.891392163801
7394978393663507755,424.47578646728664
7394979796519898410,730.0656286566033
7394981392234351914,769.3777082247562
7394982302985522474,348.5671400462792
7394985085138685214,156.57468662109358
7394988969085177130,781.3834818715862
7394993627501514014,1079.9012991088587
7394995129813077279,851.4306034470637
7395001656234085674,179.87425502775972
7395001965681429791,10260.228270559528
7395003414947597610,164.5545098709827
7395005246159752491,1172.1855260688676
7395010211704196398,574.3406759815869
7395011225014340894,5414.792911982561
7395013590920580395,454.6804530727362
7395014968787193131,492.95431343578673
7395017550293241118,248.3898595929148
7395018022962318638,1174.7727203278496
7395021216920161579,5869.722872702749
7395021725181709610,3809.1035371677413
7395030877329280287,5440.382371565448
7395033235912265002,95.78590847290124
7395042428178189599,252.9647619723681
7395042696022199583,483.0625321109921
7395046297935367466,15633.069813883447
7395048856699931934,2317.2609506764506
7395049091043986730,414.20790280505406
7395052777371749675,722.3145780033326
7395326241865420078,80940.97482134057
7395333920432180486,433.7128372601075
7395335401566752030,358.9345701507949
7395335796217171231,45605.2056947998
7395337594881477931,115.78107555614895
7395342453454458158,4513.122094485531
7395345176157310239,2778.5725920837294
7395347777754107178,3140.6759139969245
7395349771193453854,9582.151934158599
7395349807084260654,740.4697597849515
7395352300631411998,243.99702815259133
7395354004898827551,624.0812338657963
7395359145559444778,160.62485883380683
7395364013825150251,196.748713513394
7395369348954688811,1214.7427862736465
7395371056594226478,292.41632775335205
7395371145811234094,646.7932557452305
7395372140524064030,315.3386688296967
7395377364697484575,15003.60818383282
7395380884729466158,756.2566536315629
7395391251836669215,1237.8609529024475
7395392344788421919,6073.415095596725
7395400285625011498,47.48534707770935
7395414429183003934,270.5170126454412
7395420708467232031,230.82316540048186
7395702380962057502,336.0440716053392
7395704637589916959,45.856487219381386
7395706313612774686,1135.3402297918926
7395707047188139294,661.2793721832501
7395709242164006190,1760.031614912205
7395712557010537759,379.3520137514703
7395712868814982431,187.86350566791583
7395715368548863263,14197.26211320585
7395726327942303006,335.7707466351653
7395727035122928938,6275.974030488141
7395727968158387499,365.6957564426113
7395728179446418734,171.84271742986616
7395732410870123807,2898.302499264869
7395741836356242730,1252.6326787125931
7395742464155487534,29296.228019167545
7395742778300321054,544514.5883158455
7395750994967039262,487.09056815866114
7395751963989789982,2156.6940067585715
7395755756827512107,288.08494799321113
7395756149515111723,261.6688577380788
7395756837359979822,1639.3506732575509
7395757891275197727,1465.3265681419482
7395762477054692650,424.28776212626036
7395763173988535598,318.01413860644664
7395777305232035115,385.2577214095011
7395779709537144094,287.42907146266776
7395781228487593246,312.0554751307614
7395786015950081322,976338.7253884344
7395793115182910763,2704.591326437381
7395797165081120018,286.087378980615
7395797378990640427,421.33245111725626
7395797472355929374,2234.5316419365163
7395797910517992747,521.3790819460232
7395800346339085598,313.8186565537372
7395801216229330206,306.56725419958747
7396068689914776863,756.2912797305723
7396084910055804206,205715.50124171298
7396087098694094126,283.8218572593397
7396091979941055790,1193.4596452300323
7396096330948513030,221.09275699989286
7396099421940763950,507.20193773147923
7396106112946277674,459.46504500109313
7396115594002697515,533.8589791821336
7396131712410930475,1107.0278208797047
7396132135070993695,13369.273247010628
7396134872953195819,368.14011146951816
7396153835502243078,353.1139562568692
7396163828511395118,405.75994356778494
7396165030577786154,966.6616538296787
7396174710377221422,502.96998904021194
7396449474270334238,11604.280657755184
7396450490755599646,2369.197619837288
7396465420112235807,454.38232402398734
7396469033534573855,81.75398584599631
7396480340593937710,1287.6296487328905
7396486794285452586,424.90057397962835
7396488939114106154,311.6960114570603
7396497899489725742,93.32017929047606
7396499365931601194,350.9267263792211
7396508112410234143,13802.393673628228
7396510285898583338,3030.59761142078
7396524940805131550,419.57975476554805
7396537190651677983,939.7895656410681
7396821962171059502,1185.7936265709018
7396822873274420523,373.63467987246906
7396823917228281096,103.86572546917769
7396825963792813354,873.8824238060239
7396847273331805470,3953.294429500244
7396847579956350238,10234.127872836816
7396847794872585518,67764.43177452296
7396863890283367711,381.60997497192824
7396870263993847082,352.45123705496053
7396880238975651102,231.88135841923835
7396884785802530091,277.48005979501056
7396889460236930334,374.3824452720397
7396894001615342891,142.5652603407647
7396894240430624046,766.7736624824963
7396900133901765931,327.4865684839439
7396904852934413614,944.8671833702983
7396906624683740458,718.4649622510291
7396907049675738399,28.2240706070401
7396910332003798318,499.1912991202753
7396912869155130667,552.3971189542715
7396915547872464170,32191.51464926995
7396915871408606494,338.9006173252723
7396916759581723950,255.56786452193174
7397182928503016734,362.1638114794718
7397190876868463903,4316.04229299613
7397193857647021354,7098.235489171166
7397193956620111135,472.64777166417707
7397198664294288670,111.7417766239028
7397199518267165983,277.42340685241095
7397200214332804395,431.3671931107468
7397202894119914794,368.9209134482694
7397207203486256427,420.1384184880973
7397213980906802462,430.24084302695593
7397216429583387950,2029.035270741285
7397216448277564718,307.2956564109065
7397221859458321710,275.0692005544976
7397223426856979754,61.084936365188774
7397223601818193183,341.1668647781642
7397225019920682282,120.01801698770808
7397225642485353774,260.0158643608839
7397232878892928299,418.6862059377604
7397236729285053738,316.45947141024214
7397238220934630702,405.70278862548616
7397238971648019742,1307.9396938210298
7397243510618852639,306.8360744639827
7397247490451344682,340.1231057527623
7397248928216878379,11969.264738481976
7397249940738641183,14265.379556766498
7397249950272326943,471.1566107380428
7397256243208834346,14451.819791589005
7397259985119448362,353.55085080990125
7397287435429793055,28692.81985670566
7397558101219560710,806.9589707913544
7397558528992398623,655.6927660523731
7397584349526265131,38.900320487097346
7397586988041358638,414.67203141120615
7397590936567418154,576.174741731161
7397591399752846623,319.4879447030172
7397607270172986654,423.6992572492425
7397608625608396062,351.2371883936687
7397608932140698922,51.84917579661709
7397610200854695199,195.8878189469896
7397616819151916331,6222.087612091772
7397625282879851819,418.3291666371207
7397628773505469738,297.9022869065901
7397630220963990815,293.03277265684045
7397633175498886442,321.5468077795473
7397634921117994286,361.7818532223015
7397651127405251882,849.4911309458532
7397858276051848479,147702.83739011126
7397925631989910830,316.15355092012067
7397929197076745514,444.2036787084582
7397935923729763630,299043.30307953124
7397939795504188715,18624.725467949458
7397940252259781931,277.2602893280835
7397941061592567082,5011.486906982564
7397941507581480238,262478.9059216961
7397946877745941806,3342.1204995786743
7397961414456921387,144.52071128252408
7397964768516115742,148.5558206225987
7397980329518075178,101.0006409974795
7397987724830969134,1568.256596846183
7397988938532621610,584.927778529705
7397989392343633194,7134.6709905932585
7397989780933446954,702.629702936283
7397991323946487070,232.92116789560654
7398007148438883627,1332.3503454769614
7398009986967751966,34.07922860029663
7398010996746472747,374.59574931522167
7398011413949680926,1081.2192847849515
7398018597068573994,502.33279185740537
7398019184682077482,385.399435060974
7398297302575664427,3712.574974391012
7398299297852263710,154.86853398362442
7398299355205225771,19805.939539441482
7398300188072299807,319.2655284851631
7398303833174052127,408.51057843929595
7398304513272073503,40259.82830025382
7398308009585200427,1774.0705754970581
7398309651311234347,8477.54342326941
7398316817531325726,20182.98659982876
7398318778544688390,308.9398710470058
7398323764569672991,412.1456274661099
7398325834991373573,4263.861188793502
7398333365394410783,75.86647121578767
7398334195405294891,762.5838345605372
7398335505793813803,702.3030524884523
7398339831627091243,336.66033370566146
7398341588105186602,558.642160778298
7398342470494457118,993.4560140489926
7398344376931454239,316466.4311013001
7398349927606127915,978.1908863096539
7398351928146595118,676.1050137370129
7398365656757996846,373.16267764624115
7398366678242970926,796.8090259203993
7398371682122992927,68.04303598197245
7398372832620612894,61108.56895102401
7398375738509921566,556.3575039585445
7398376230635982111,1284.7351419798838
7398392248276159786,445.8015390518793
7398666988853169451,86845.61460550272
7398675865569135915,439.9384374814496
7398676446803250462,299.2324435443766
7398680462928907562,977.8388073031074
7398682276789374238,351.2753493373605
7398684386293484842,368.5866592188205
7398684979024203039,687353.7307481384
7398686249046871338,453.5069938959908
7398690626209877290,2781.209941246631
7398693904343682347,112.98992202453046
7398696636412628266,321.7306756233509
7398700283506838830,367.315029412801
7398711093570424094,218.7144300073242
7398712029931932970,1149.3032967475158
7398712566375075115,1081.5107054863151
7398712692954926378,2345.3261377070044
7398715259399310623,224.1674328184362
7398720186737626399,323.385597448049
7398725174759099690,1424.4101916003256
7398737483032169758,442.12457094528315
7398742033713630494,7691.093828350387
7398746412248272171,710.4917054183228
7398746473405402414,43593.04016858672
7398747883777936683,482.7438172171839
7398753064569605418,586.8406416597552
7398756968753548574,305.7917518283377
7398759681117752619,179.97619864381812
7398763861739851039,375.2905273773692
7398764903433063726,563.9373030127517
7398766701501877547,970.9545519263847
7398769156398632223,145.51571061711655
7399047017093270826,244.90758616759572
7399049776521547051,367.24639324119414
7399051885220482347,633.3308388983801
7399069544125369631,904.9822447410683
7399073352524156206,409.30992240612403
7399074442372042015,276.9499974525712
7399079724623957278,353.0089720644732
7399093323484482846,1383.56895924619
7399096884222102826,172540.43776996678
7399099730459888926,327.1472611409295
7399101881882119454,257.2350245240095
7399109245708373279,912.9920710311138
7399116811528047914,375.52434965035366
7399125064660176158,2085.87448500894
7399128588861066539,373.7167773014017
7399130711396994350,27858.89507356122
7399130715872333063,336.9092471576005
7399134846527868190,4906.969758766408
7399410911917755678,2873.6015651199073
7399413726488628510,344.3286095757719
7399415688378600735,2066.8510346029534
7399417049161780523,1318.6870333617958
7399427337529429278,699.4221700645164
7399428049315401002,640.9191698737784
7399434335159323935,301.0495355349015
7399436874286255390,328.18971058317163
7399439888107490603,452.7706402646194
7399445331496258846,479.5583537379278
7399448619532733702,12082.060620934702
7399451856621063466,1377.7584126581062
7399467825015950622,5944.269680605636
7399476787375246638,313.9843910887907
7399477175247736107,377.695163150671
7399487779408825642,377.6616142216359
7399490260452855082,988.5810891182088
7399492643299822890,841.2432173494672
7399497723420020014,300.0854686291077
7399508584830111007,299.06107476512415
7399511829287849258,713.1099833429873
7399788370420862251,58837.23465361361
7399792116072729899,2452.568313049981
7399794064985525535,167.02762078729228
7399798481210150190,3364.059428684238
7399798770608688414,394.3511284210334
7399799011646967082,505.6848534228713
7399800966586912030,609.1957941312453
7399809501030829354,301.0776903385985
7399810513766468907,126729.55618416394
7399813193058536734,251.3627103129905
7399827056843918634,321.91138061164304
7399828911334362410,4635.680226151115
7399829452454153515,795.4372408261213
7399830589378940203,624.381900621959
7399830816072715563,386.6022682175366
7399831042762411310,283.2941712079662
7399840110730054955,1099.3994332477
7399860960682593582,10666.029047808204
7399882442162572575,4190.7584580632465
7399882537646034219,740.611459281747
7400153918958767406,107809.0073096857
7400157756591705375,5225.64646690722
7400175078136237343,60653.64170518756
7400176270518127902,4385.1798417098325
7400183156349111598,395.1565498149619
7400186775148285226,1114.5571988173392
7400187499794025774,505.6447919991489
7400190911205887263,390.386976980106
7400192588877286687,452.0421549529913
7400196719088061726,227.29740030672264
7400200043073948971,901.3437985531243
7400200705757285662,1233.9124326626602
7400201718429977887,2067.4260203153
7400203776860245290,372.8739698603523
7400214362595806510,14638.25035411547
7400225585290677550,485.13412493542137
7400231177900002602,820028.3391424031
7400238529617399070,715.1919219982464
7400254248883096874,68597.14902226994
7400524197547592990,1399.8213420257696
7400531895689219374,10931.67701255986
7400532286430645546,450.70286907170396
7400537034437201194,4184.820884121868
7400537117132148011,227.0327641396869
7400537701524557099,400.3902633782631
7400546820079881515,344.6779260218045
7400546876103314734,1202.1151415931538
7400547092852231466,1895.7330691783543
7400556163554692382,3449.8566484507455
7400560899569765678,17658.90260166028
7400563482573147423,3831.8603681420573
7400563587405597995,702.1413995259702
7400566079170366762,547.7915266789793
7400567792795176222,3507.5123296295874
7400568243666210094,2520.052462333955
7400568327317376286,2252.93414602965
7400568447739956510,1861.5328686943271
7400569448421264670,2281.712349884723
7400572994130578730,327.1199180913154
7400573500932623658,4961.188898503979
7400574206754180395,269.72792443210875
7400575083112172831,6482.292745983715
7400575752732757278,788.7621058790594
7400582591771938090,251.73907350329517
7400583379785108778,593.183951880369
7400587994861767982,12379.209882273757
7400588359292439850,113.3939537088299
7400589294718536990,10431.353367877826
7400590618671500575,128.5948981556176
7400595520424578346,519.7941703173963
7400605288950254891,279.43901159925247
7400609116051344682,399.3124465033455
7400612253604613422,168.80534246807284
7400625372892548394,516.9126820663146
7400627157136985387,635.0007283674279
7400627640303914282,1519.6272593175931
7400895229508750635,323.480463379971
7400901739760700715,2843.1449069883884
7400903317452377386,381.4415627704905
7400909681876553003,473.82925197579243
7400910404077112619,303.7951804029323
7400913972762840362,229.1545784149573
7400915236896689438,339.68102374097214
7400916924227538219,6649.373283388425
7400919607210429738,363.70955981887624
7400920403461377310,776.2847034586055
7400926389282606382,631.5378355237609
7400931668975996206,60768.37185306641
7400936062324968747,1487.4582583744045
7400938561375178014,949.8310404495438
7400939914210151710,540.2200398417517
7400949495770385710,1087.618706519296
7400952784071298347,490.2013856880508
7400953027705720095,17871.044218125728
7400960437375831304,158.52786760519254
7400968131398651179,318.7679793590985
7400974734609108270,390.79718794002656
7400985493376224542,333.4652648229736
7400985690684591402,8910.422432471121
7400991550794206510,253.49560871598328
7401216473135385886,3057.2589259902197
7401255591278071070,2800.7329266790352
7401260231151439134,136713.40938732997
7401263255882157354,271307.5317942832
7401269939644009758,438.1227475188319
7401282422483979550,149.77225372323738
7401283645484453150,37.39475125478418
7401285975407824174,270.50464962915476
7401288948091260191,280.5244626817042
7401295239098469675,137.89010723086693
7401295511401057566,4668.822753254156
7401295918844185887,35539.443584320354
7401298171319667999,267.29747894906103
7401309447311723819,1129.9327186702997
7401310296612097323,314.27642036475953
7401318232746921247,110.15266448373464
7401325462154267950,745.6937436607654
7401326802653760811,395.6688044328099
7401330867563531563,739.3296918179178
7401334079918050591,843.6118319030678
7401338559204019486,398.2528378005437
7401341884716649771,430.73918407230246
7401349194927164702,512.2037455646102
7401352705811156255,244.83364865975327
7401357571082259743,266.55029985962705
7401360693565410590,27.540120561507045
7401361586880924959,73117.79774378116
7401366086882446622,44255.933954206856
7401367601827319071,1471.041732628021
7401636916422233390,2778.218548154694
7401638883546631470,243.11844189530183
7401639420228652318,92514.83187309737
7401642893900893445,441.1483736741544
7401646933829258526,35882.49333206715
7401653302292712747,3931.2761604424254
7401666816814189854,301.75637496088723
7401667201138265387,9501.990955424506
7401671748116073759,213.23515441141907
7401672503220948270,2111.194789277794
7401681569758334238,116280.53677033746
7401682493629271342,754.0943278686383
7401695108434808106,1664.1577389001832
7401697666700299563,219.31794812746494
7401705067717463338,330.0686449785386
7401707036314062122,258.9996426480992
7401715606006861099,288.5045779121807
7402011081440267550,256.82344433445667
7402014296873372934,731.7205995058795
7402014563706703134,56.43652723212192
7402025198498729259,1487.3550410614123
7402030212642393374,7725.90166495546
7402031780259187999,2738.753092479964
7402032588438670622,26355.853950566834
7402033365307886894,356.65236932823785
7402033494806777131,611.6005730725742
7402038213172333866,165.46682619254813
7402042601689386270,287.1074855898858
7402043768297278750,378.7941279173524
7402046111126457642,282.63341540589624
7402046304215371051,335.06898698192043
7402047185044458795,2632.6716508326276
7402053073448832286,1141.6109669061138
7402067709434940702,35.20708853758238
7402068083394809119,493.5973611376912
7402069243094748458,4123.708871846755
7402075471078346015,24991.01216556665
7402078657465928991,40.02100770916801
7402080498278829355,41495.54856219604
7402082619459898667,673.2939689697475
7402104921715182890,811.0387141425642
7402378671798914334,932.7862509832894
7402379869973220651,267.40840661185393
7402382030673055022,1359.786834208971
7402383238905302314,4042.7105549017333
7402386216152321322,1783.9129952923201
7402388655412907310,597.1816427747009
7402392058461310239,268.9315566923864
7402393875828051231,176467.37036575313
7402396772443737387,9772.25260491072
7402400321349094687,248.14878908394476
7402406665280048415,756.6140470244283
7402410113312492830,176.8063072301174
7402417419257482527,11861.194672377884
7402418576382102827,1693.8373042491444
7402433598378282283,13367.760349664444
7402435390482828586,2531.1073022626742
7402437259645209902,4947.312027799055
7402440601930648862,387.08707085333674
7402442088526171434,352.6367690386834
7402442183602621738,663.4107448063776
7402448859412139295,3689.3578266094787
7402451370042789151,7056.163871151698
7402452533760871710,491.1935654869311
7402453012570049822,25.913737407612825
7402455325699296542,983.6085934144536
7402456718308838687,181.96354894455507
7402459256424811819,664.0034817683652
7402463776294964522,405.899267154668
7402465850764119342,1465.5135511235835
7402473512465698078,341.60702221205497
7402475307711614239,441.12141578217853
7402475447348399403,11522.28403257666
7402665178577243423,853345.0775482558
7402732222337535278,7510.246476405113
7402753264329968939,658.6521291884853
7402754818994949419,45762.717758670566
7402756653801590046,670816.9645049188
7402756942117997867,233.12057758906616
7402757397040745759,325.39641156346596
7402759889312943403,8644.286501535127
7402760736520375583,149908.1669456545
7402761048425516319,345.641510234174
7402764467605474603,203.93750324480843
7402767039548362027,2123.1657750101613
7402769289738079519,803.3272973988371
7402770216675036458,4426.627937013067
7402789043211128107,284.7249535025566
7402796367900462366,27862.24393375541
7402796873834155307,12277.388994197883
7402797592943283498,8033.629188917696
7402806057942142250,652.7456707516806
7402807582106127658,1211.9939728082009
7402808688899034398,1141.1709406597313
7402811680847187230,868.5798637608037
7402811882513501470,538.2993061458965
7402816468989070635,423.99941268277473
7402818629135240491,22496.2049123322
7402820144449326378,3220.7817559465125
7402826894904790302,195.1308829173934
7402829820079377706,361.94161084219013
7402832351308385566,774.9402539792353
7402836468508691758,421.15982911460924
7402839693538118942,170.4435253542735
7402851386217483551,744.9983819228815
7403118620764622110,24149.75272105944
7403119942674992426,3538.461338699878
7403120169280752926,731.6592179112752
7403129543650856238,560.6337138925717
7403132688502131999,331.6479015558079
7403136001821936939,292.1959538212938
7403138903194045739,1283.7231361785612
7403155002837044526,342.33445807361284
7403157322547137835,841.8634857133329
7403161508672245022,301.1699256910539
7403165429197278494,284.94967241457715
7403167206978374958,385.14675996846194
7403167299861105962,69215.37529355378
7403168206988447018,879.0170917594298
7403170967855303979,859.1855436229944
7403172804226534686,917.0136992667243
7403175481480154410,150.85313608990302
7403179709447703854,739.7139046906204
7403180293621878058,1553.764659274264
7403181042359717163,286.4847146096996
7403195763871714603,1782.132957772366
7403197342783999262,561.9318956214445
7403205645500992810,3101.3176311993093
7403207943971261742,310.0594980489133
7403215592431406366,323.2575409324921
7403215844567993630,391.12346995786413
7403489412010577198,1127.6580356985621
7403497455452491050,672.7395620720831
7403497795463777578,277.4746844856519
7403501553912532270,49428.30123421249
7403519563616357674,617.7261510950468
7403519853862178079,20574.942217170854
7403520217629904170,222138.30869978108
7403536376764976415,427.8466946206942
7403546718022765870,2066.581543360327
7403547364838886699,378.6947043565315
7403547370861923614,9243.423622776514
7403548514522778910,337.97214722890783
7403548894824516907,324.0286515189408
7403553346818264351,564152.1803707571
7403555594726100254,390.1667191909041
7403561005999197486,265.1224178327893
7403571035041172766,59988.040029507676
7403584029187984671,1457.439388830618
7403593622861516078,258.86153709250857
7403595606112898347,1301.0307268276972
7403861678703660319,301886.4252668236
7403871159160245535,1210.2805900091882
7403878050678721838,728.2081263662991
7403879404184538411,331994.01626428444
7403885303758540078,252.72663516213643
7403887805530754346,720.9630582309659
7403888715833036078,595.6548749524165
7403889289056095530,2831.2279828831647
7403891474292608287,2483.879297593562
7403893469695020319,12973.058702961674
7403896836743875870,273.6133961345279
7403907021793283371,848.1665591526873
7403912506504187179,981.2089167072867
7403915084398873898,296.533096030179
7403922131957927211,555.8751527890342
7403923427356183850,1073.8781406971614
7403932221133999406,289.93853982217377
7403932720469904671,329.2788770180643
7403945581816581422,738.9219920493781
7403956966105632042,428.31598450878346
7403963843250048286,21301.483791613
7404233930360081695,374.1579143682123
7404236881422060830,10892.272815392964
7404237097919368490,218.84670559568175
7404240406524775711,933.1651144726435
7404245465140645162,328.8522184983485
7404255747460287790,442.0876352106674
7404259169257147679,246.020616218572
7404267979208248594,297.43192638689527
7404271436468292910,193.52639109370267
7404271536078605574,5678.975578046268
7404291837151792427,5620.551478154084
7404300684742446367,165072.1884111305
7404303303523323178,95.14371300681816
7404303508939296005,333.37993341218095
7404306277976788267,1559.1094463170907
7404310282740305194,1860.9565281171695
7404542212375186718,309.26290789502804
7404603897848794410,885.5685126063645
7404605429533281582,1172.4041638428057
7404623838052404511,1276.1833971546348
7404624283852361003,6051.753965264278
7404625387713580331,248.89994518077037
7404628338523819294,20430.282915964555
7404630520371350814,460.3663344301519
7404637204921765151,1741.520900422916
7404638377221311775,2603.436512795027
7404639944607665451,415.52725273260523
7404645857737329951,165.80281787142457
7404661122374077727,11087.57530975659
7404661490793434410,1684.1683070059032
7404665414262721834,129.44994405615245
7404670311439797512,63.61729683102917
7404673995636755742,503.83071274963834
7404675602680122666,213.7885460156785
7404676802074955038,562.9688214800949
7404677486904151339,345.50096440357026
7404696080832711982,2005.3911928863813
7404977466608995615,14355.297776309963
7404980054305819910,2717.0728098498753
7404985500823604522,7906.433498717111
7404990186536389918,20954.40661689831
7404998521616829742,534.4775196840346
7404999414785363231,861.2990769178408
7404999752087063838,432.5241690725296
7405004465163521322,341.3445820387941
7405005328649030942,574.5926496912981
7405005366590803243,256.24273504047187
7405005636637084974,1738.9322860768782
7405018196538887454,2.1935149894106276
7405018691387034911,513.3896305102128
7405018870278507822,422.1490001296878
7405019733315177771,1373.657152620393
7405033536081628459,420.1068930893389
7405034913700924714,1310.6416103814372
7405036189226454315,938.7189278897265
7405036418600275246,357.5282759187608
7405045738822012190,406.3052032588669
7405047752037797166,12425.997484228978
7405055879369837870,398.9825205670292
7405070388075482411,7150.258269074376
7405074231429434666,1838.9639674654416
7405075980164877614,16874.613666126337
7405078626628013342,569.0747040507713
7405345256314604842,720.5378305517972
7405347682639826222,207.88246413017342
7405352570924862762,170884.40939662931
7405357237851409706,331.5436754881874
7405360647837355295,31011.729496405293
7405361793234865454,9318.975415240082
7405366255747632414,27126.112282051723
7405371741486271775,694.3487550171545
7405384879820606763,1037.8807464455915
7405385756845296927,296.3480878473319
7405386953018936606,428.2496348771909
7405388216347479338,422.89307474835715
7405388498468998430,1078.9926145009176
7405396096056380702,224.52654108858354
7405405618565025054,3512.3601001723596
7405411562145697070,80426.82435182847
7405412220718370091,154.99117842752108
7405416980687129886,236.30944250719008
7405422242064043306,400.04900043165685
7405422473107295534,347.65630295602114
7405422873508203818,26658.324796685727
7405423723009805599,405.3432157292602
7405430892191157546,257.26858019853205
7405432909278022955,51151.80088336149
7405433554634722606,597.7247009233192
7405439946170846495,240.97280173031987
7405448271184842030,428.66443356879824
7405719824472771886,582.3564226422577
7405726670944079134,1094.1689103079823
7405736830219406622,52711.896837079585
7405740363828301098,845.2654220836035
7405746618860915998,103537.87537550775
7405750778125765931,2150.02165413919
7405750922518744363,124912.27761493265
7405754346601811230,495.652796282838
7405754593310788906,4244.889526454205
7405755305310571806,254.00614839519056
7405758071080865067,4733.961480958178
7405760048045018398,648.8458779349791
7405761825146473758,292.84792556840455
7405765043331157294,13906.025462673017
7405767487108812063,6753.219190812643
7405768514759380255,775.1618954587644
7405768533516225838,329.6274335517803
7405771667294702891,597.3795639506792
7405775275440622879,505.3113574724941
7405781010484333855,14149.199766122689
7405785138220551455,524.8064583586313
7405787979882450206,69.19583181354479
7405796677854055723,321.675836916737
7405797687850716447,3260.0041508261966
7405803040613141803,9092.830950066233
7405803983958199598,960.7855565808086
7405811640848977194,395.58771342049334
7405813426917838122,1177.1040026617266
7405814088690945326,1211.4293073743097
7405814428379270442,443.79324026334064
7405818686969269546,90216.22408205704
7405819019913202975,672.3880786657116
7406092056805903658,966.2449692074952
7406094288574090539,872.003295291294
7406098033580051755,743.5619964757781
7406105632471928107,2077.395117648278
7406111082701540639,574.8721164863872
7406112967122554155,911.5213043495511
7406127195392871711,208.95723750054213
7406127541037157662,262.49419203029055
7406127670599126314,379.05681367241897
7406129827213970734,903.2930723533804
7406134647102508318,496.24454197090364
7406144232680983838,32423.93111635441
7406146974061268255,1357.1201957587582
7406147347962400042,171.58820549583015
7406155646153837855,446.8975417263151
7406162407258688799,303.3601293430253
7406185415310380319,5927.433330002808
7406188213590560031,506.71051831336615
7406458872015113503,23198.1140681108
7406460804234743086,996.3692455304606
7406460963798437166,423.91635081589857
7406465980001570079,301.45250374393765
7406476381699312927,568.2737080987887
7406493407687970094,1252.822404103445
7406494219919002911,355.36459688019147
7406505388834622766,559.1387522394712
7406513564241988895,764.3662560831542
7406521533587262763,1473.0380745575742
7406521865541405998,525.5890400585947
7406526842401754398,214.8749816149644
7406527129829084447,1147.4544414829597
7406527774657187103,978.3166375155952
7406532297777876254,361.81767115874914
7406532633108303146,788.4882751908408
7406546018109558046,52.60352026371534
7406549649789603102,422.3439719604468
7407128827744374058,330143.4775350381
7407207575680208174,1259.3929448181661
7407211210476768554,14659.715537808244
7407213087398432042,405.9476876271025
7407214747952663850,67.55323642128806
7407219448794352926,242.97045952792664
7407229531389545771,1167133.7380403592
7407231198910582022,483.7624104046623
7407235816231079211,280.2576682823584
7407236185472371999,3797.9134539552606
7407238514791714079,18731.146836595395
7407261347248950558,217.88544085620615
7407265486137740574,543.756633008536
7407267518143810846,341.28748313660725
7407274708145573163,30386.079711530387
7407290288718482734,367.05021036061663
7407294057321336094,1023.4037165111774
7407299792600157483,143540.919094898
7407572572998602014,11957.587655893965
7407573631355669790,325.73078720299435
7407576457066892590,114244.72536803476
7407579149717507370,552033.6837046162
7407591424826330411,33821.2206097728
7407601716838878507,154.70786115336244
7407603746093419819,753.573642186908
7407607111678512430,144.9526238220247
7407608564271025454,2008.7167561441274
7407610179648261406,388.0341941573794
7407612246962228526,25888.541107168992
7407615061453311275,7133.944520597099
7407617294114917678,434.3306455206901
7407618875442957599,313.7196749949745
7407621205487881515,1032253.0500784193
7407630574699040043,1441.783720833083
7407636530405149998,16267.014945739915
7407637457912499486,272.2164193412745
7407637730286374186,4279.633016777775
7407647335175458079,1068.1294242280835
7407659871333666090,158.46693985310338
7407662104221617438,351.8542968130037
7407670520440720682,1373.8046068829517
7407672624114896170,67767.13943666316
7407673307933199646,8729.268763397886
7407942572657626398,19263.909413149675
7407944191050829102,784.0942315163994
7407944258210155822,252.8376994028776
7407946642332126495,423.1738969668366
7407948888268623147,158445.32489337973
7407948989523447071,708.2018967672559
7407952814707707167,53206.1555789032
7407953193964981546,693.8857793829577
7407953814550056222,282.32367680176264
7407957461065387294,4267.729338905538
7407958733927501099,4127.083362373171
7407958796313709854,14080.46363970541
7407958823509544223,8205.171499000453
7407959001876466975,1334.6741973361202
7407960793028873514,1120.116793017836
7407961383704284459,346.9521193282179
7407964198166187295,473.0572664132966
7407965474635664686,890.7274734347441
7407973184127143214,212397.24361487254
7407986364484046110,659.1484698600511
7407986510944914730,262.3001998354398
7407987450754108702,15632.207223489506
7407987543263776043,42188.97501018971
7407991992879287595,362.04677409882026
7407995827823594782,255.3391488698271
7407995977350630687,344.3452148179996
7408006268687748395,708.7218746027104
7408007459274558762,2206.1159556646553
7408009000114998570,141221.5364629686
7408009812694388010,1003.8818108449395
7408016031983144238,979.759017712147
7408025601296157983,337.3896001103594
7408029716524829982,83.8146053229353
7408035654761860394,6231.485574825968
7408313822072589611,1264.3723855603619
7408329444689055018,311.3720307922243
7408330551997828382,1147.8855909457436
7408336827205045550,1100.9416601454989
7408346008079387950,705.808627548947
7408346024743390506,270.076752400459
7408351356525808942,1143.2790333572314
7408355235397209386,264.44398983199886
7408358508850105631,101038.59602960704
7408372699841498398,15296.01645186618
7408372822059355422,452.39212404930396
7408375049180286250,1818.971726524053
7408393297476980010,177323.92262788545
7408398515107286303,1355.7063007796676
7408399626933521695,202.86713280935462
7408400883169398046,386.935997526719
7408407440187870494,1302.6743366435235
7408411349820263710,277.70465124619204
7408414454246870315,1808.2525738022528
7408686969724669214,451973.3083386843
7408689199785774379,326.8140764931664
7408689871612546346,734.7299776536248
7408692638674717982,1103.9581925687255
7408693604736093486,210.08960870188972
7408696909260541214,237.20483218269038
7408699443857411358,302.4137901506127
7408700213558267182,722.6377855881082
7408701167305379115,2218.881020043721
7408705219636350238,331.5724838118698
7408706357488127262,11350.890018719901
7408716338664901930,362.35780939058634
7408717840070511893,5454.727572709019
7408723859802836254,16854.09861662804
7408728957299756331,368.73838307200515
7408739302554799403,435.09250933749297
7408751367034047790,472.75590498975055
7408763701089602859,1030.6678941254966
7408768039568690474,570.5497274688275
7408775878869634334,328.7251410940208
7408777903455997226,1019.0265527710723
7408787838575185183,439.94026464394426
7408952916758809899,305.15893378798256
7409060728629366047,276.63317823747553
7409060904953859374,20575.1653666005
7409063076420439338,1151.4267439043601
7409063994306186542,642.960165191925
7409070939159186731,595.9576913485015
7409073007114620202,250947.5344405261
7409077490536451374,13790.745222266589
7409089860654370091,448.4891804192115
7409097772030348574,791.892526254013
7409098773156138282,50967.216340783765
7409099055852440878,747.6601013607803
7409100079493090590,782.787633123902
7409104220915289386,18587.29180616777
7409113777397845278,2006.8811204709461
7409116690690198814,3951.35497833745
7409129417882029355,1348.1758155055163
7409132620862508334,130.9551251655146
7409133026657029406,761.0109957635875
7409133913538333994,119.56645664208966
7409138070705933611,1126.661090209805
7409141282305477918,963.3521543149511
7409144043441098014,83.42782922848208
7409145825797901599,379.2588378388499
7409153646144883999,52.804611937334
7409155770203245855,213.11561515334296
7409156415337549086,331.4564246215376
7409159408741043487,612.8048012049765
7409429508723363079,250.5980375846371
7409434203864960286,5163.0862678574495
7409440263162072363,531.6485482082937
7409445276374584607,388.9600257611858
7409449566048668970,952.3458885438109
7409454663973522719,292.02733727284283
7409459404308860203,502.47275525470843
7409477636675620127,1773.884048809045
7409483348420365614,573.0228322977638
7409483880828374303,500.88869109235003
7409487330949467423,8055.678910580008
7409496905832484142,424.783228832018
7409499405562219818,342.39258007939287
7409503720368688430,28395.041917283
7409510773040434474,913.367357608852
7409512035186265387,1319.0928188775918
7409521936637775147,365.957981784599
7409526103712222495,4374.35492676501
7409800970143714606,280.9864032261782
7409808195377515822,12875.633643492976
7409812314498829614,2115.0788957066884
7409814683273760005,356.0792295348655
7409814843366165791,3161.031985768454
7409817456098725166,87.41313756084203
7409827060790676767,572.1732293560011
7409839206001921310,6820.451066762226
7409841014501903646,362.13666185098555
7409852350698966315,433127.3903562501
7409854443404987691,270.78328342269396
7409867497534426398,336.70165589997333
7409871202946272543,239.06713918783902
7409872782395280682,281.76611555707643
7409880060510883103,351.6221648886547
7409885912836033838,2121.7787618652883
7409887785135426859,956.4148142512292
7409890085744807210,108.96666629672934
7409896220417740063,103674.53939077613
7409899772582104351,477.83932513685534
7410067510256586014,12454.418510905702
7410172550564613407,253.7132627504527
7410172864680365358,4131.9380579676235
7410173970349133087,451.8026034643307
7410175337646132522,278.5202002105498
7410179663953268011,478.713786121138
7410183888389311790,1887.327457676008
7410185562734300446,2161.132292646328
7410199291588807979,4286.773512138887
7410202833171074324,1904.140134094289
7410203478796291374,35215.63210028835
7410208537277697322,310.29589923990875
7410234961267166510,5104.501715735876
7410276316173421867,283.34970562868267
7410540471920938283,2485.0156837120403
7410541370093423902,1642.267878557917
7410544054657699114,661.3465767917402
7410545239913499946,846.1334221389934
7410545982456204586,431.0826966504954
7410546208587910443,5219.2894755403195
7410547298008091935,243.22791212480547
7410549605781343530,355.499863382572
7410549670939741482,823.395206757658
7410550382549568811,379.1012824442678
7410551298208320814,335.83287086256536
7410559672412851486,314.6259199845911
7410571683066596638,13673.454305898631
7410572452264250655,375.51950090014213
7410577958945213742,933.3474664076039
7410586725015194922,5680.785481230994
7410591371179920671,21311.697558048054
7410591861070662958,20822.88933997777
7410594067387583775,933.3583901130339
7410594353971809567,1258.5437971390197
7410598088995261727,710.0885588856223
7410603768137436446,1555.8009157742254
7410608286975773994,343.14816443084266
7410615485181611295,1793.2757415856584
7410616747654532394,1971.4894216125217
7410622195556240683,290.80584612584664
7410636281065098538,349.50667886984735
7410638715850132766,804.2239353585162
7410641001276132639,562.1918609176025
7410872449270566175,374.4625508666414
7410916635885735199,394.0872965871493
7410916850516659487,278.70187680798176
7410917569588186398,376.42656292657165
7410919058075323679,403.76395301848055
7410921495486156074,11105.39931867193
7410924769157074222,511.06140280427616
7410928245186530606,8207.307937207563
7410928844015815967,4764.33640871506
7410935177553333550,259.2238664701126
7410935561197767978,1791.3353366406525
7410939360125734187,1078.3549480594215
7410939575067020586,1048.5348708810532
7410943285612563755,2172.886143230978
7410945072314813738,3548.1100913307573
7410947420382563627,1850.7981985272509
7410953111407381806,657.1605589446883
7410956772648799534,362.9790178544624
7410972324746317099,335.59015255711853
7410977040255520030,2310.6711585079474
7410985484731665710,615.1757547384465
7410991347089378590,314.2213436787068
7411004769935969579,368.3720132064002
7411005232026553631,756.6107352299215
7411011085492374826,312.553957302007
7411282557955902766,278431.60884709004
7411284322440826154,431.2930649122919
7411288796735507743,319.7658905931357
7411289704735214879,4044.0372248819244
7411292592937372974,431.06621552763136
7411293980782103851,2436.342315703617
7411294143453908267,7313.450282252871
7411295476340886826,5472.344569034847
7411296399871986987,628.4987012551217
7411309505944014126,4010.340434300251
7411310928219655470,62307.70750901506
7411312175005961514,19796.481818536482
7411312786732797230,577.5878201201563
7411313010469375263,310.35971085783876
7411314497425640734,353.4555043962599
7411321398553005355,12600.165356751113
7411321845099646239,308.33738943163854
7411327654412111150,574.9685819690562
7411328342760246558,345.85021948518687
7411331112120667435,1217.9553582157469
7411331198053584158,7865.694543100466
7411335562130427167,579.854406885627
7411339138198326559,711.7410022807738
7411346602905980191,328.0741474443651
7411349388640931118,675.9824786178995
7411352047469088031,375.95538305996513
7411354476956683551,614.1402960417861
7411355950931643678,1312.926769636832
7411363294361013546,489.90902277171307
7411366665675345198,512.1700600726274
7411367691170368814,229.98024865622315
7411376323433663790,887.6316655358384
7411660552721796358,293.6569372295344
7411661711326973226,676.2881002224874
7411662092454858027,49620.67653762539
7411672167026527534,451.22545434222667
7411687727206370565,18389.208200270914
7411689535488199979,462.513346454386
7411698199473311019,56150.97864884101
7411698892447829279,58.64584903115942
7411701646943587614,317.8824091563436
7411701659039960350,353.95589597913147
7411705531431210271,696.7126435132882
7411708779101834538,1039.4001735507768
7411718440349650222,142.25222919063572
7411721527541927198,68.74930466200567
7411731455103094059,372.89923531220364
7411737910036286750,396.5831098092876
7411752500006554922,289.8070549945184
7411752599377988895,261.0174972979057
7412028030144564510,937.3484470852518
7412041491641584927,427.97303278319424
7412041596411055402,349.2579234197454
7412042082845494571,288.1203071416917
7412042402925415711,586.2056035420322
7412047249485679902,337.8188953830221
7412049352065076522,374.6014285278833
7412050237235236139,7965.7604164638005
7412051047176359211,30859.11039748389
7412055821032541486,243.67112167763315
7412057785577278766,2849.8639455124103
7412067333780426026,319.5211978681273
7412075497997356319,3943.982804175216
7412076007529762079,1176.1037372207747
7412079482787384618,267.4464898267305
7412094504733281579,675.4103905108566
7412097031897992491,2299.3734145003123
7412103961454628142,647.0083558727475
7412104607666572574,1724376.2717364691
7412116772750511406,404.29989505579425
7412397724315684127,379.6128900202101
7412400413778939167,567.8287784616836
7412404598570339614,2885.649869955591
7412406045437332779,75.60917881131499
7412411877864557866,473.84500495516806
7412412542288481567,777.0918549488831
7412413064764575006,186948.7981297167
7412415480448699679,284.9649164434624
7412420268628413739,2378.304044936821
7412430385163930910,438.3634386135782
7412431829036272939,301.3217493098556
7412433549002902827,182623.07554539526
7412435650852556074,507273.2180054741
7412436688116567342,396.6752806967496
7412445729928596767,41.27425812471479
7412450576073592094,299.7271824586269
7412457068524768542,35718.57869938762
7412467578381045022,305.48583348888883
7412478285415812382,242.26655854471247
7412479882413739294,293.5385922603403
7412481194941615390,300.6596778639276
7412481644839374111,982.7843951641516
7412482936546528543,2898.1859096716657
7412485597073329450,1657.6462784567077
7412486808686087466,380.48896707361007
7412500704549440799,285.5311281080391
7412501079780461870,871.0585965333424
7412501848449486111,313.877695379917
7412502563435613482,406.7048862327855
7413141517268749611,405.80445432126027
7413143559324437791,4309.429397894107
7413149414702861598,658.3158972602803
7413152220520189227,48.31192124203346
7413153773347966239,327.4764597778474
7413163210586492202,82.02798412081361
7413163917121211694,317.13301497718055
7413175678960520491,269.9733198662201
7413177451888643358,3103.660167944583
7413180232292666666,5428.868654168063
7413191358166338859,425.09500858499086
7413194687755980063,824.7420949055207
7413199182321716522,536.882279472016
7413206594357415211,1753.7016979503383
7413226082117127467,13293.167745054428
7413231410368007454,345.4522364543708
7413508837736549674,60140.60017730632
7413515026398448942,417.6573569352292
7413515903180098858,2372.0107941471824
7413523453179071790,924.6167486275132
7413527230707420447,1459.7154117022496
7413529952567561503,16691.88372209145
7413532885845675295,449.88976528467737
7413539903545281822,792.4524066479725
7413557456401468714,1612.0475134245223
7413563173460053278,270.1312013447417
7413568124810743070,25.084712388623846
7413570592240291118,858.9464930112987
7413571690506046766,5001.765122535573
7413575469129321771,604.2281814750498
7413584649181531422,307.69575219137903
7413586858757737770,659.0495670821899
7413597389694520607,240.69222406802328
7413598688884297006,322.8701679956529
7413602348443979051,375.26391982548006
7413606141797715230,1851.038932545444
7413615471401979179,2555.8177323097507
7413882204670971167,459.16654961949143
7413887679235902750,722.6925987255788
7413891095492332846,1018.27864198762
7413891790165626118,154.03805246920675
7413896132264201515,855.9011866470161
7413896378117655839,519.1635562732473
7413896742053170463,5002.598051571209
7413896888467918126,530.8122682327482
7413904215707274539,487.49488350768604
7413917731592097070,48.836885943045864
7413919495514869022,420.4231689631403
7413925155686124843,264.336213743624
7413927073997229343,1658.471698937882
7413929238719434015,424.7449026908601
7413935453918727455,215.2628141742132
7413938820191636779,457.6411576355866
7413939005420588319,274.96009755021515
7413939204876455199,177.5667566372479
7413941764811181342,3294.4644324556634
7413947582830906655,52330.86205852347
7413951037972696351,235.855280224973
7413953795765357854,477.15836017678123
7413968568519363871,2562.852814239073
7413973540946447647,789.6554126021522
7413978540145691934,496.8539535015414
7413979982831111467,985.0880274931169
7414251343621164319,360.14660457395354
7414252129126337838,332.76432032747505
7414266147165572394,467.42291515770995
7414266674393746719,518.7442190850106
7414270354371169579,1066.8177078500526
7414279868591951147,922.5647873611211
7414282015484284202,196.72543361845356
7414285673793948971,912.1485977842342
7414287083763813678,601.5476279105301
7414292036938927390,244.49718812584052
7414292458302901547,525.4407976501717
7414293025767132458,8995.172705918632
7414294214424415519,427.41553594687605
7414296285257141547,283.5701024950138
7414296612047965470,529.0250944607028
7414297074470014238,599.5034261371225
7414299450413174046,4666.008314015387
7414300392240024874,1964.4797761283996
7414302742098791722,2500.791678661684
7414304552649821482,828.0365575472191
7414307187301829918,19555.477492500624
7414311119189462318,1502.8580442135203
7414318888621591851,4576.430269964268
7414319447080684846,10040.1955575214
7414321050424593707,716.0902243832342
7414326939764149547,231.3833164962794
7414328394302655787,297.313407569404
7414334985060109611,519.0509217960409
7414336594489986335,3271.863917889982
7414345393607118110,1058.8089923013065
7414354779746520366,422.3835924342105
7414357488562113835,1527.7730524639405
7414622083524644139,5052.059978496821
7414622344456441118,501.7177731697273
7414638235063766315,3803.5575867584193
7414639136956501291,643.975986415131
7414639409133292842,678.4513410638535
7414640331418766623,5489.486439543944
7414643627948838174,209177.56577432386
7414652786136157471,794.0619957975182
7414652824337894698,1160.4805166652764
7414653124926835998,557.8260198329848
7414655896195763487,171.12263825445015
7414659951009844511,597.97411117201
7414662367805492522,2399.7224650227135
7414667383672999210,1741.454827404666
7414683843069791530,251.0544713236781
7414688650421701919,556.7640284245836
7414703870137584942,4770.452313342406
7414707552899845418,767.7810993583515
7414713135371816238,885.257743333081
7414728041760361771,233.00552684970208
7414728859125337375,556.2645955497278
7414994317258919198,373773.06585798564
7414995501646646574,950.7056745105883
7415007678226779435,2843.448552912191
7415009288768277790,285.96899184081525
7415010112009555206,593.6464815776208
7415018583157230879,483.7231565053021
7415019093507558698,15874.70579118059
7415033265473506606,239.2643859431862
7415035847717915950,310.5504607281461
7415040349732637983,156.53561041298275
7415052449582615854,3051.9988585554584
7415057200667823403,147.23588631055958
7415058600189545771,507.637650591478
7415062399251746090,875.9363594649628
7415070418379361579,795.5026303736346
7415072173150178581,222.94100620649664
7415074771622251807,11962.747609085793
7415075881254800671,287.4588565411098
7415076410324225323,387.4742257993477
7415079556630990122,184.00133220911795
7415079821300075819,1225.4133622080858
7415081871450656031,24287.02377063312
7415086687988043051,338.24471019063424
7415087716926229803,44381.532531341094
7415089683820072222,4537.212226042053
7415091474326392094,692.2446710472543
7415091981367479595,292.63941072545714
7415094777110154538,395.4824502611692
7415098182683692318,59.903942506277836
7415365949727067423,80805.35195160285
7415366432365579550,46846.38884997474
7415369533105425694,285.76833615275905
7415374934987361566,339.0821949861289
7415376817533603114,71335.49214237006
7415377435409255726,700.62971447005
7415379190825962794,1165.3151151678605
7415382715802914091,280.094954277754
7415389048744742174,421.6561997505807
7415397552939420971,874.3250700231756
7415401524500712735,113463.4820850162
7415404124210056490,464.2295157551427
7415405679579565354,43713.73398696109
7415421255286852907,228.68062179617596
7415422246107237662,111.87583456832601
7415425241108794667,353.99185415942696
7415439420721057055,335.4278038172305
7415441162653207850,797.5450465517648
7415445913704926506,331.9845877373532
7415448300322655531,1090.013774003413
7415451125588954398,104.72083871210475
7415452173561171246,1640.0498094577258
7415458037046988074,1065.1970345228317
7415470057154727210,625.9425595652041
7415471425735216414,660.4481167412557
7415640308932791595,736.9762719760187
7415735891953519915,388.488407363997
7415739563118791942,290.0251406191274
7415744662327119147,761.3814794809336
7415747895900556586,3909.8258321103435
7415749879533833518,317.78283961053484
7415755397585325342,387.5230316653603
7415762833620667690,27798.456813897494
7415763144888323359,199.95234266060703
7415765026927037727,13826.414085917442
7415766063951924523,351.3052298266255
7415766593763937566,513.2438129354135
7415769462600682794,5998.024012632181
7415773987801746731,530.1682380114422
7415782991638646047,605.5151471577062
7415783597669387566,442.1586765109816
7415784315440713002,244.62688056172874
7415785975164521759,13500.927718418845
7415795083406085419,1102.9980531337137
7415801296726330667,42571.96790369375
7415802972942142750,417.0406672579109
7415806527010884907,1747.448044927079
7415816225286049055,1109.2823361077535
7415824544738315566,1752.3015217043253
7415829781188496683,200.60457147654296
7415838639428554026,594.9925012562924
7415840585912716575,536.71797662417
7415841107038489902,418.224403340928
7416106744494984478,397.7596709342594
7416119166949723423,838.0826021174519
7416128369642753310,282.47483237128466
7416128843750100266,17899.817291995143
7416132061720825134,748.8298909337398
7416135098128502047,32156.860693014703
7416142382212713759,786.3582629333403
7416150036423167263,1861.877038027803
7416151610063113515,1701.4750441370065
7416154005153271082,276.14534503510424
7416159412441681183,1859.1335079916403
7416172877474499870,19826.496164915436
7416181436585184543,371.9129491457971
7416183903733435691,1148.8949463977888
7416193458890755370,444.70025762625374
7416195706639224106,324.8750675607421
7416206642078895390,554.5212880878577
7416852482606845230,144.2400548540733
7416865995186326814,128006.28036686622
7416869229963595039,3067.078138658702
7416869876393872682,655.81380692237
7416874334221847851,28893.223906719395
7416877283882929451,46119.61038794715
7416878016946588974,3359.2452526188235
7416879740419624235,19023.88375592127
7416886351141932331,252.3993598600613
7416891123186126110,372.44485801594226
7416897441384959238,251.43467845514343
7416901150449929502,590.4500648172691
7416905632097357086,164.66393735125106
7416912243868126506,296.73887404372334
7416914910610754858,323.34254434640434
7416917118949657886,302.205988391892
7416917268908674350,169.708615818415
7416932844955700526,44730.42092007717
7416936636124040479,116922.28251631404
7416944729582996767,775.7032041195832
7417220970450275630,274.68590494830397
7417230570536701215,768.7031332869012
7417236381262662958,792.8883785001442
7417251342273531179,370.31588234247846
7417253265513024814,1396.7585687398011
7417253919266508062,250.26042284495944
7417254770290855199,487.61955499307
7417273060002123050,364.8676761465576
7417277363672730911,275.66846253091967
7417278662589877534,268.203014046164
7417285567152393503,272.83175405411157
7417286565950459166,1133.3569468057647
7417290527718018334,385.00887482578656
7417294048228134187,163250.7723373391
7417318444028316974,141.20313263543838
7417322506526281002,96.30866890909515
7417594077740272927,373.6158699097292
7417597951901568298,1149.288789759949
7417599188210355487,860.423892637357
7417599532331978015,437.97151329706986
7417605161083751710,801.3195972825093
7417607977567374635,358.0671645226307
7417612316205845806,350.4253494856698
7417616047852801311,330.6640454403883
7417625659117210911,2111.2124939100136
7417635846272060714,234.47957943241218
7417637732002090286,219.481600799325
7417640663916891435,342.11833424123387
7417646560625937707,499.4075295121902
7417647768728046879,457.8314665521144
7417650545340468522,636.460500151836
7417652512456527150,965.4815101553888
7417654823195184430,5115.055969058254
7417667212971871531,448.12808365968965
7417670279205309738,335.1522934455993
7417670552573299998,3032.433396183862
7417674637351472426,837.4672462346913
7417675546617810219,296.8659106537145
7417682275447508270,900.5929444136345
7417686481138896171,354.02689342966175
7417962335760862495,748.8145160071771
7417962764951358762,604.118635958469
7417962811327778079,29540.866166341166
7417967022186794282,1340.983570594409
7417972542960373023,3396.8666675955806
7417973902871104798,300.24253019720504
7417974793569340702,488.2864021377418
7417989238072905002,13269.091073740152
7417994164467420422,263.6176695173116
7417995856667856159,1252.0681019566841
7417996688855469354,4560.632436196724
7418002057451392299,316.0014503526065
7418004597601586474,371.0725773464179
7418006847904288031,58.491775887759104
7418008443040058655,309.8353779525441
7418010790654938398,13373.35850754489
7418019661444304170,5166.143937657867
7418021041810738463,99.82568515788475
7418021990528797995,1121.3282200814526
7418023249105210655,3068.2233785396484
7418032489047936286,2098.9466635416297
7418041399553166622,7932.119462451619
7418042125029231877,275.4880384186561
7418047720272694559,203.24885281983723
7418059234195148075,772.0043403563355
7418333689840422187,466.0475823901632
7418339401505213738,2192.123118071654
7418340545518505246,152.69286325029213
7418348745076591902,6976.177622176423
7418348844762598698,294.4269810775885
7418353610259500334,792.7144741662927
7418358321180134687,312.64022132205355
7418359889262677291,20157.95280670754
7418363740065778986,90.29184174201012
7418363876762209566,701.8969438272441
7418370168985816363,28789.519687586017
7418371126126054698,55.580023942009504
7418377541980802335,246.5384781433996
7418378717161852203,1364.8903909140893
7418391420458781994,249.3717117337741
7418397130810854686,296.71088295836705
7418401395553864967,1953.2042536617678
7418403216406154538,813.1294796348863
7418407322931809579,348.3340912531245
7418407464669908245,270.270902825043
7418407990132264235,1718.2989220061086
7418411105027935518,272.44334414041595
7418423349757513006,74.75294715633622
7418426073605573931,850.7680905287405
7418426771290197291,1719.923121294863
7418427343095647534,957.6314637040184
7418431055541128490,283.4435988846735
7418706873316166954,18811.335702694945
7418707411667520810,12001.763183986153
7418710881573309739,543.0899562888462
7418711218753375519,268.4315553109247
7418717565821668651,248.18551171300678
7418726047237082411,386.3248162148953
7418731282881973547,341.6274746750178
7418739347882560811,50300.601793036076
7418740691058216238,3362.802628136468
7418749866572008735,2986.491902882289
7418755946899344683,695.3222831179188
7418763502552354094,582.2814300431871
7418775394477690142,571.2300334685374
7418783068321877291,621.4025767223109
7418794472605060382,396.3160267059951
7418796798543760671,403.4226061996627
7418797517803982110,435.9705161144781
7418804365797887278,457.90587756259146
7418811331714813204,260.43458023572504
7418811668890733867,372.53421840273825
7419076315476659487,361.4825065534154
7419078726287117610,421.5688827857337
7419080611928771883,760.1602800826388
7419083184610020638,662.1311525700936
7419086108245495082,9374.565600125154
7419087482718899498,1495.9935507647604
7419090879832411422,868.7274301416677
7419091863946448174,2593746.3050854835
7419094436115713323,304.58309456499757
7419097685698907422,4068.7374609470344
7419101882007883054,3882.6554313869674
7419102043446578478,1984.8696383828524
7419105249551453470,643.8757860767588
7419107614576889130,595.8831015756762
7419108535394438431,3691.411355233837
7419110357190348074,1262.8063696152283
7419112522751495466,1066.3019430973382
7419114045502000414,412.9499616835068
7419116935801081119,366.67186555953487
7419132592773172526,982.6380853128996
7419135592329415978,380.89768976884045
7419140350138223918,102.83423888961485
7419150148187589919,1106.6861096022817
7419152031266409771,13643.925342479104
7419152311089368350,59233.23110939433
7419159620918283550,356.9041324706369
7419161558858681643,548.4277426808613
7419169332707626286,363.34672456527613
7419459162779733279,5359.867049400612
7419462744371662126,1085.7879154959019
7419469291398991135,351.3489047436952
7419469518411468078,4161.67134051488
7419476934427528490,22435.80814570921
7419480557064572190,2533.57739252365
7419485885177007406,317.66655792147833
7419489999558659359,139009.8970309919
7419490755015806254,328.7338538852453
7419496887725706526,421.70714110998125
7419546838476377374,714.2927898931915
7419826217752235307,358.0956021313937
7419834179300609326,1464.3131451609424
7419834661708238123,783.3447111271469
7419839212461247790,1553.53316365617
7419844303398178090,351.49401361902653
7419844485183507758,76680.02180858326
7419851640221502763,313.9914827285098
7419873333925121323,389.1974804764883
7419877268786531630,635.9894803637832
7419877697960070405,273.8992422705143
7419883383829908782,896.4580486479229
7419884434129849646,12.472167933764386
7419884825940741422,70.53269700948258
7419885917193653534,556.8522790274719
7419906264303553834,1466.175668823023
7419920115715575046,263.7506047959538
7420195608205511979,35630.633058606334
7420196927607672110,1092.199212807554
7420197994655403294,1180817.1854917486
7420199931266485550,787.2061235387224
7420200764590607658,416.23454139492713
7420202525292285214,278.77995752705806
7420204643348811054,342.84110676747883
7420208140328881454,203.38046954824569
7420210658639203627,32626.37956005067
7420214805220429102,760.5874899816479
7420219389502590254,6144.107863078661
7420230263805840682,1232.083789255422
7420235476117867806,603.1021401453398
7420236162209729838,1218.865294721996
7420237283502198058,1400.0351299200186
7420240066334706974,577.9855742023783
7420240423731432734,361.04961316010315
7420244972831722798,793.5858479379283
7420246646199471402,21164.37708437505
7420250489054399774,382.3705842526917
7420253717339065646,290.6031953295691
7420255519769726251,812.0266009179476
7420261050337217838,312.1828360470672
7420278984786611474,174.51742472639376
7420532840263093546,102513.35707281332
7420562602700344607,1039.7698427375497
7420565279639407915,587.6928761819994
7420569432470179102,485.6418186330542
7420574225687334190,28821.826877839263
7420574272852118814,2585.734644278492
7420581229101206827,24467.57302043059
7420584983598845230,260.88673563641595
7420586737040133419,819.1240794883836
7420592303825227051,37936.62673684771
7420597085763947806,1308.4092672011157
7420608648449248543,4742.657200395107
7420624362908159262,1434.8326259412797
7420625907574000926,546.9398282514169
7420628578267614507,434.32431322037263
7420629384215661854,175.06198887450552
7420633251494055214,381.20782271535865
7420634230360771871,167493.0679319852
7420646745647959327,637.361039172006
7420652608177671467,157.9878452484058
7420661047238888746,410.07908383272587
7420934047406345514,1222.3347049349447
7420942027476503839,1516.4334389673008
7420948790644854047,21997.37796311107
7420956502799715615,2474.5374567466006
7420960829341797674,317.0886473511713
7420965313279266079,1253.4811525880632
7420970955939400991,107274.54940210097
7420974792897056030,293.69472665709065
7420976675564834079,266.23785392342745
7420979730733698346,15469.141603867727
7420983408433712426,955.1888708280518
7420995984936815918,479.0059608175281
7420996934216830251,3941.6166494273625
7420999655779044650,296.66627864505455
7421005258362572075,156.2304780131525
7421008504464346398,274.3248988255005
7421026940259241258,259.89768717804026
7421027348503416095,430.73422298177013
7421302050690026782,3085.295855955377
7421306885984357675,162.79359612540202
7421311901050703150,231.16435037593456
7421322222842858798,741.1458615557539
7421323513392500014,22122.02732803454
7421325640093289759,452.6266717179193
7421326589612346654,357.9109735434256
7421332066609958187,1289.2387325007494
7421334057016904990,4518.165714934852
7421334231349054762,354.82625596325107
7421340076178722094,381.65325551704683
7421347699372625198,405.4972931281824
7421350699532832031,13908.174590511131
7421354261365263647,594.7558770116965
7421356689506733358,169297.78387490968
7421357977300487467,284.96112392443
7421360713245101358,412.92663112822447
7421360776801209642,811.0526322653352
7421361063314165035,761.8211694158285
7421363279575960874,13537.498638688592
7421364191363157279,156.20404381358628
7421378987148037406,344.77558010235117
7421387240770768159,476.245371802318
7421392218679774506,403.9957296497883
7421404759460023595,1263.7582224485488
7421674272143215914,207.2765174375382
7421678934355365163,572.4908425220359
7421679207815728427,1566.1181537482098
7421681017888460075,271.9375413565078
7421682680078601515,524.778315951836
7421691490625178922,700.8300358268408
7421692631220030725,5695.672792886251
7421699671292202283,534.2745227596041
7421700147978964267,2500.25195090346
7421705386400517406,133370.97548579308
7421714493182381342,377.05979581833253
7421716009301675294,358.14273573047956
7421720822710324526,647.736552673557
7421722953328512287,330.9522319124376
7421724216124296491,591.8690787867578
7421726215226117406,470.62702820556933
7421759909626252587,316.0290115841173
7421769778483711274,1074.56726520171
7421773158308384042,1319.2708578376767
7421780641076792607,1750.9722642263355
7422043647048207646,1665464.2408710448
7422047759345290542,599.7454855321032
7422051463226002730,2209.9320639615316
7422055129139907871,301.65119327917006
7422055727092665646,281.9677948342222
7422057833253883179,260180.36041716376
7422058982417763614,606.5017158060477
7422061083000589614,354.2471780428519
7422064119609560350,350.9029733977383
7422066833299197214,466.79578239875235
7422070036170313006,240.83913807825465
7422072346523028779,361.70508989334166
7422075915041131822,2601.9448527386653
7422078732065672491,930.0190537682363
7422079637863320862,293.6004852225958
7422081620112346411,16920.96629763958
7422084993142361387,285.1966765226446
7422102363718143275,505.0191839100788
7422103375547780383,431.6732153461886
7422108065907903787,1267.5378838147658
7422109219245100331,346.3372628088723
7422117280181407007,582.9970450267747
7422118274571455790,12754.773704259878
7422136445646687530,973.2811361768039
7422136488223051054,1335.4725914314506
7422145468760673567,1529.2062982203636
7422797632474565931,2936.504054720411
7422799659157949738,117360.48465380413
7422804191980293422,240.88235108814666
7422805796997680414,333.29146051411965
7422806393071340846,5261.055797527957
7422811001722146094,3670.005953014711
7422813374213262635,656.09010627319
7422820823485943083,390.75763886670865
7422827734713503022,498.0718716928095
7422831079054232863,401.346043934731
7422834143098096927,3011.8280932696334
7422835664300854558,10680.328914904758
7422838420533185823,648.7766499721342
7422847051060235563,335.0766797400964
7422848513547062558,409.7917595414615
7422852768647482666,843.8821196069248
7422855985095576874,449.1315501160733
7422862437629578526,272.9789633620262
7422863792670854420,250.17241704455546
7422871160758619422,111.29769290002555
7422891211985259807,434.6344803660898
7423162483109678382,480.88415547633883
7423168319676484895,43346.451686661894
7423174539900865838,280.7581621154264
7423179350792588587,12189.375910379627
7423179464898579758,378.3139553702687
7423180516393897247,272.6751105882452
7423186010734906655,7096.405145698259
7423187689568095518,879.9855312441081
7423195345099705643,3958.590903851852
7423197632501239082,1089.170287171513
7423200157258255647,192.20410841273852
7423200412074806533,444.21714587376925
7423209128522403118,780.8448704061512
7423212755127242026,405.6705683480555
7423212846521027883,475.66769392882486
7423215929808440607,871.1555062690338
7423217345629392158,268.13884670488125
7423217575309348139,306194.49920784344
7423219891802492190,139.04990934979406
7423221084461239595,783.2804753542932
7423228738034208031,497.06341842583987
7423231507571002666,2217.643794066981
7423255738849709358,395.9556187272884
7423256022145355013,284.6550129220544
7423530832683355422,474.08760779213696
7423536406099692843,522.0192483099252
7423543226662997278,647.9132995998085
7423545343700159786,311.51986498862834
7423551981282741547,333.37316102087794
7423552599485336875,13062.184476587072
7423552603142917418,815072.7645360178
7423561838996000043,3167.977321367282
7423565138298653998,26717.413923075837
7423565359329922335,4195.435005836384
7423565447615794475,855.9529132243091
7423566376339524906,352.72613011048
7423566852946677022,118.95377351616693
7423567943436373278,522.5909325757783
7423571586197802283,847.2966640634397
7423572891662306603,3987.803737156212
7423575228766342443,889.1299962424162
7423578095937932586,627.3054144133008
7423584028424523054,687.4258721674374
7423587347909872938,798.1411791439392
7423590217640135979,6651.064037268043
7423597346644069663,94523.74158194297
7423597566115335454,2533.256924097784
7423601326522649886,745.8712198310445
7423608542239804702,4223.695092195674
7423612668637990186,400.96198613334036
7423616242650467614,2189.482445977239
7423619917053807902,224.39275808095664
7423623194440994094,14597.824023480372
7423623992394779935,1042.3388678102922
7423624614137433375,484.6462575208963
7423902517496466718,704.1682336846836
7423905602075626795,802.8784552777763
7423908049795943722,517.1306940957079
7423911282526489861,463.8755895568596
7423913443142454558,1095.0698344092648
7423919094379973930,773.0983707767813
7423919155662834986,3390.6740750736426
7423923595925114158,941.2773044292493
7423939978398305579,675.8278649799753
7423946528668028202,1801.2905531677839
7423953349927537962,495.9493646350167
7423956553448934699,3747.821842841644
7423959756324310314,1664.678968147868
7423964646085774622,1929.6798349363714
7423973132949720366,798.2222178623089
7423977308807040299,4198.221521615885
7423977966297763114,1158.7307870840991
7424004112133475614,285.3401135082607
7424270636438113567,1149.9699144941403
7424271137091243307,148.26696705486285
7424276988698938666,5116.349285932042
7424282716209810734,832.6185604017649
7424286252578426142,932.2607822007292
7424286338498710814,130371.66833852968
7424290086474452270,474.73629677410383
7424291475522997546,687.1976816662728
7424299548216118574,781.2046153419
7424314072436346154,403.34062343951746
7424318469522459950,234.03971799348307
7424323460253355294,34.762317609298165
7424326432622382379,875.8612182242248
7424328725845626154,1413.5112213810833
7424330914492108074,143.18798740539285
7424332453789093151,361.5787896251523
7424339078251957534,6074848.297456082
7424340079755283755,994.3191743831807
7424343569210625323,367.0770045735776
7424347815742180654,1247016.6859572749
7424351218144709934,325.5478552970558
7424366271946296606,280.7353636285164
7424370585196629291,655.3345827265931
7424372763902659886,488.87194468485603
7424373934230965547,627.0063805041559
7424651011396242734,231.43509534977548
7424655538329242911,1821.0338062011895
7424660409610767658,646.1445027378671
7424661727138155807,538.8072505550542
7424662171113573674,2198.7655734099303
7424668385394347307,70657.44790279907
7424670439080840494,158.39067090130965
7424678877689236779,5197.508162489379
7424679155326815518,5993.716183964674
7424680199968607534,603.4355883994443
7424684597960576287,253.64464037057172
7424684955181026591,488.47191434366414
7424687664772746539,40437.14578736674
7424689634841496863,12688.972176869083
7424690126892158251,10402.35741894125
7424694193810951467,1618.3876253244648
7424695519026449695,552.0922481195996
7424703674397642030,14647.714446137688
7424706159703051551,417.21078622089055
7424734316481072426,332.2641690904946
7424734365705342251,380.57332892766516
7425016437615398190,416.6632024534216
7425019239548865822,516.688264297851
7425019681985072426,2070.3883299126787
7425023634210688298,441.85494980638657
7425026165921844523,642.484682438969
7425031556370320686,30135.148302907466
7425037123956264234,547.8597312955715
7425044410687081771,386.6856615278307
7425049888284478763,1111.293415381369
7425054744852417838,44416.507934037065
7425056551435570463,244.9676000487747
7425059684563897646,813.681829071965
7425060092753595691,306.92821050064134
7425061552123809055,273.46650232463713
7425066746295356714,2179.0615677350015
7425069066311699754,930.1386691308842
7425072780091067691,862.0471714420889
7425076036582378782,290.4579075888856
7425077510485871902,595.7973859249337
7425088749089885471,445.11371358872987
7425098600004259103,249.20083102146356
7425100582362500398,479.0179876016955
7425101285864639787,510.14462791813446
7425107228211809579,15724.553177130143
7425109501809904926,912.3108235630286
7425109824616221998,489.4964798532983
7425393280113839402,473.9903029945111
7425397323137682730,286.09136340923453
7425397606479629610,49126.90023598767
7425401813840481566,506.9876920805069
7425404345899814174,316.64659542657955
7425405465346968863,334142.65156588436
7425412958114565419,6041.149368223591
7425417968772861215,14550.62943907018
7425421366616247595,1095522.5732967388
7425435365881695518,1789.0451887294857
7425447425608781099,551.3315360609167
7425461564997750047,1206.4593978889102
7425463726431784238,1822.9102602055968
7425463730592320811,325.72930732766645
7425473112986127646,661.3195412107963
7425757257230454046,14163.861612725063
7425761745060334890,736.621226072404
7425762074661326123,723.6274777422942
7425766248954252587,806.3681543553278
7425767818714434847,131.99048617670445
7425770443891641606,317.3908278329926
7425776657769729310,764.5055016508077
7425786259534122271,407.9327067704206
7425786913950371102,507.6391647835779
7425789599714200862,1451.7305579614451
7425790763197304107,920.6294355203847
7425801126647303467,355.26977752499033
7425801710494289183,1663.9067940829877
7425804025683070251,2202.3267406248187
7425810821743234347,19596.136024242656
7425819627881631007,2378.3991555815664
7425822115888139566,3014.2066767805186
7425835742619897130,471.4039559738367
7425861120734399790,437.5876275730149
7426076055473032478,48489.0327678155
7426127455632624926,19028.80301563464
7426127560964050206,219940.05863916533
7426130132433128735,731.0031106148309
7426131866073369902,333.9451273982328
7426142121813560622,388.08792509484203
7426145740222762270,709.0992843491257
7426145850578963743,418.7906508702349
7426146829030477099,290.2002705637491
7426148763854621998,21189.69382417369
7426156184987503915,82745.31361122263
7426158329686281515,880.7234373661153
7426158394865732894,309.69039866365335
7426163151063797038,3289.2410836343793
7426165053751135534,653.7106365169556
7426170246320426286,17071.19628477638
7426173028536519967,762.4666627970166
7426176712678853931,974.8692892650035
7426181853121383722,3127.55949872361
7426189046134721823,2199.424032722705
7426190413448416558,343.7027677390171
7426193187389082910,433.4570986424249
7426201561354751262,288.2676489767553
7426201928159202602,811.7710862490893
7426204568502996267,722.7218871891403
7426212771651570990,2204.4502543178323
7426498211457551659,1078.0526433472364
7426504778697428267,885.4871776454386
7426508186829589791,1787.8655205337284
7426509589551631646,5692.145847183581
7426509863552830750,586.621122985226
7426514326036548906,134603.0150425327
7426524693139803438,135357.78662954908
7426529114862963998,12586.333012198762
7426531577808801070,259.7223663713323
7426534462911089966,812.9951259727115
7426534529239747883,262.5181666007524
7426537411099757854,271.8611391117946
7426543075331214634,530432.9586493801
7426544227024145710,1310.3231056344298
7426553863844547871,557.3509915707609
7426555081799028014,270.88715541626425
7426555900174863659,586.1711826951356
7426559630605585707,353.55996216684724
7426570865447587118,464.0449312459279
7426571622296997163,220.3863453005732
7426572787097046314,275.8731300740304
7426575357807054122,1388.645077048929
7426577071427767598,87.6793566639347
7426577289946828078,2411.3698845699478
7426579036014513439,679.3792132445753
7426580353407683886,79415.46196704904
7426581966616661290,436.32256314214175
7426645205954219306,2112.9549180477584
7426872257114279211,2636.261534983476
7426872690381737247,355.8122122277441
7426873679767850286,1121.4981038682868
7426877895395511595,1459.1352847209832
7426880047652326686,648.7749130834427
7426882962580491566,478.1710024460127
7426883927329000735,3334.5404764488912
7426887257421958446,6133.242060523999
7426887338879454494,776.3477026005188
7426889469862759710,256.95281000273275
7426892737326124330,851.5759825639813
7426895289664933162,307.1708938583218
7426897349458349343,1241.5215753584494
7426899228078722334,253.19685680542835
7426903547570113835,31146.116998950158
7426904506631195947,5706.061730182139
7426908634862456106,378.65690956290007
7426917387854744878,870.7470580275661
7426918014580198699,1381.8714812736655
7426925064852950314,613.365728258043
7426928790410087726,1435.6512616491952
7426929611105193262,395.98665995301474
7426930983737363743,711.6528058289307
7426938990869171498,401.8904841248326
7426951407426653471,1750.6755410871433
7426959391649320235,843.2883113886555
7427239519386193195,634.3465457425895
7427240513650183467,711.0757083289126
7427246029818383658,743.6222214759803
7427247033351720238,517.494658197778
7427249138246389022,63808.26944275105
7427251367112166662,18275.06414973156
7427255125485309215,684.0455157953754
7427257243063602474,72736.89313952721
7427260861208595754,93.10661440064413
7427261049834900778,1008.9444327443811
7427265483088334110,118.46777618999594
7427274662163533102,309.20539051847663
7427276776709098794,11372.242961103577
7427277291480239391,352.73306977860176
7427278849244728606,327.83388248468384
7427278921097596206,8678.985803901884
7427280797314338091,800.0974898326392
7427284374707637534,282.30210362978914
7427294163944721707,326.07275238377514
7427301817861688606,5775.285783064727
7427304593211526431,86.20134633355045
7427305005612272926,423.75310791919384
7427308766904732959,4326.3150085665075
7427309396188777770,354.6356114855957
7427309474060258603,511.24601004690805
7427313660143471903,52.76951044878573
7427320815466630446,2380.81542046304
7427326243256798495,220.83812602738016
7427331543414115626,44018.7307764428
7427336213415087390,413.85234025859535
7427336346739674414,296.60332570223375
7427346558317890847,2451.8967126194693
7427621655494610222,918.9998116188538
7427626452796837163,154.04984435878194
7427629577557511470,773.8971030801671
7427635514955681067,302.6894073564849
7427648909754862891,562.456372063317
7427650044528102702,19294.92647475308
7427653238553562414,392.0882281214811
7427656492729371946,969.4152517006016
7427662274518682923,100571.03721663132
7427668420923018539,244.23044682302907
7427670441776516395,1781.4185198822572
7427673339801390367,641317.7729565006
7427674700920196398,7703.7465297891085
7427677617534307626,230.88863531390479
7427697244360527110,3953.7222511072932
7427702933392805162,320.89799794966643
7427704270004243755,103.27045520634904
7427717955279916318,137.05444233514262
7427981206282636586,775.8038328631071
7427983606254996782,370.91971878544666
7427983673896471850,263.84779267922323
7427984750708641054,596.2349572235016
7427989116983233835,415.45245322073305
7427994394915065119,14165.152479335282
7428008341751778603,6772.38632833248
7428010528275959071,1784.4156996575814
7428018540478860575,71048.10585215388
7428021862732516650,452.90188729311933
7428024565424590110,158.4033030939422
7428029094501027115,24330.3250343526
7428029867456793887,324.8895905436549
7428030705935994154,69073.3650334926
7428031998515481887,1599.885402540036
7428044485189274923,602.330408848504
7428046001941875998,331.52277625011686
7428060179461115141,351.41181954429635
7428081974922824990,292.58799121889604
7428194108067286302,1280396.6271069304
7428354375799622955,11596.571313343049
7428354965422296350,329.19013332331696
7428365177038310686,833.6467114659492
7428366024162004255,4028.7650175442627
7428367426028342571,1122.4938494250769
7428367716370730271,1319.3449316097299
7428371782471748910,499.9116020948397
7428382973721988395,194174.8151387525
7428387669748600106,10443.340801155407
7428392239870627103,1090.8636196790515
7428392245440662830,399.32275839803765
7428398860076125482,26725.548450753897
7428400373469121835,117.5192056506093
7428400999632571654,15437.588286611479
7428402455668411690,383.29019697797264
7428403503611039022,113006.14508530396
7428405223095389470,304.0328036906695
7428405535503846686,144.72657494752545
7428405699882880299,411.62832596042506
7428413327778319659,7202.463819465513
7428414259564039430,8398.437376011343
7428420588592565534,588.3546553357195
7428429779160059182,565.8642386780724
7428431341378669866,148.48648865933563
7428439199319133471,18542.667846656535
7428442114956004651,306.8678124899643
7428449985798343982,13849.627314287112
7428452743657934111,1148.3464339665043
7428453037666012447,846.4532210796335
7428457010745658655,756.8029349763445
7428727887777303850,344.00728300836545
7428728679666158891,600.3652257618199
7428734440232275242,600.0861993016586
7428741169024208159,472.02151852037935
7428744023260581162,27778.432711293066
7428748669303737630,291.61714489593317
7428754759886097707,734.219984238358
7428760018683546922,831.557904565145
7428766746280070443,5064.705240806848
7428767632909962542,807.2094071164177
7428767985587948846,1012.1236852287195
7428772005580786987,3227.580070706369
7428774062236699947,136.41724771066953
7428779902763142431,1467.1246252691947
7428782328048143622,8197.643600156636
7428786851328068906,336.07329234988526
7428787675060194606,1559.0881518310453
7428789083301760287,2015.470961676141
7428790097413213482,2686.0009165972488
7428790374765825285,225.69414428177302
7428793083506052382,1995.7872887718872
7428797611034840350,1614.2176893156957
7428801242513607979,3043.4979070831396
7428803584482970911,1135.6494971693319
7428808902357060906,271.45669985927196
7429095146538536234,34922.18360413435
7429095385358175534,35854.06180134668
7429098654780247327,719.5108538637057
7429101009680551198,3997.195385728746
7429114678594391326,490.5072490414067
7429115416200514862,9714.883028544518
7429117403713277215,699.469293754487
7429120050323377451,484.5065161657726
7429130221267471662,263029.33469202055
7429131696487910686,999.6572203959582
7429133387513744670,7342.408843866729
7429137248978832686,94192.29100712377
7429139506273570079,1067.0288783551036
7429141481102871838,541.7696277638398
7429141874134371614,3039.4176473291777
7429142783031610667,35371.131380513674
7429151801078828331,1041.400189939521
7429152585501658411,9386.499234288622
7429156075091299614,127.53680057406254
7429156435293998367,141.67501382311912
7429159424272387358,2474.340618604586
7429160527449820462,1618.989708171655
7429172082665098527,710.1801361897326
7429176531848645931,533.3908630121726
7429180400351710507,945.1824313607522
7429181376232017195,5319.09506100109
7429183279326137631,3922.409673807422
7429188930160839978,1786.9758595200747
7429194506567945518,455.3912086925852
7429194802463280427,303.6788786540373
7429459156748307758,2151.293179941347
7429465720859233566,1102.8234404770724
7429468680485915946,16345.397455420814
7429468832852462890,561.1184746054479
7429468842172108075,321.5896393599126
7429470210681212191,743.9584475328869
7429474546979327278,16906.838926903325
7429474647705537823,2644.818011185752
7429479586175700270,830.1452073123879
7429479633801809182,105.65201251453132
7429483207554239787,656.2474266791456
7429484852426067242,12528.58316060949
7429487386511314219,1264.396528034942
7429488993735216430,335.5730690469686
7429494536948239662,483.8096406360493
7429495331806530846,1718.318798592894
7429495389381791019,296.96762568638167
7429495899027655982,38019.13679670482
7429498298479725867,3084.1806649485065
7429504690691312939,9922.708205224893
7429507538544086315,2088.3354041582315
7429508392458177835,752.0394325263045
7429510727162957099,16089.855070504482
7429513742691470622,410.9650390143812
7429514662275861791,773.2638829773035
7429517796658253087,362.83571230226806
7429521137488416030,760.4466177880407
7429525800497499422,285.1933000496776
7429527771795213611,45065.00485227203
7429536359775259946,569.1412477869843
7429536498334125342,827.6080270724229
7429536580676685099,785.8655458914483
7429539173587111210,2661.9658804673804
7429540497309306142,144109.513203346
7429540747432561963,1117.132359132311
7429541108167773482,489.62539688871345
7429542051718499627,373.0844994267484
7429548979001576734,510.98889136343576
7429550850130955551,701.4483358817313
7429551149583322399,268.622212605287
7429551240448707871,570.9988982417125
7429556138179398942,1050.5918033031285
7429570583446211870,173.41565633604267
7432805940665109790,25.347245113381458
7432806064627961134,328.7864915400536
7432808465459957034,3595.520946727066
7432809888033656095,1485.4774056843066
7432816875987406111,115828.24206728875
7432830055698468127,427.5875418081858
7432830428601404702,312.66928631137074
7432835979687365918,20046.30976064509
7432836348903542047,3454.6533013599146
7432838520198270239,1407.8029566876833
7432841836290493727,1236.0191768834152
7432844466836311339,1585.9999561847926
7432845982120807722,10998.25941146322
7432846427950157099,25672.659685816772
7432846600185171242,1668.1391752881646
7432862608870657326,336.1495686138959
7432869346449362219,21767.436860323687
7432881873254239531,7417.871467044485
7432884101369171242,935.6382898056045
7432890646857305386,39059.014146043206
7432895600074509611,2457.0007653679695
7432898291513265450,660.408757470889
7432904961949814062,400.74806247642994
7432907264069078303,317.76317526318655
7432907582852910379,534.4686835402025
7433201211123191083,5024544.300367569
7433223089904962862,19308.680227697252
7433233099690986783,1298.8127064872392
7433233843039128874,5180.674324902223
7433242045277293866,117.8553570962822
7433243865911397663,282502.3857853982
7433245977491852587,1238.5852192539944
7433252033542589739,1859.31072818873
7433258385459514667,9934.691113059711
7433258881050086699,425.40120684997345
7433271089498934574,852.1544935947506
7433273614125763870,98.89922086555312
7433275244103650591,1719.5120132540978
7433288733526330654,1836.952291748962
7433290902900051231,52.71048829933352
7433291010924629294,3547.733248283394
7433291301946215710,228.60561224750785
7433297588129991979,4579.497379503748
7433298495043456302,60.67776469242382
7433596551739575582,535.3075988459552
7433603152902950175,330.61223441072315
7433605080915447070,332.6335166087606
7433605551935868190,86.068422861056
7433607368463617326,446.3154458305057
7433609608888978731,693.2829330929769
7433614121737719082,89570.4372015814
7433618484812287278,157.54805694325765
7433619569496837407,310.24383064773417
7433621400809721118,442.81436991619705
7433631684786097454,123.82844787493363
7433631845595532574,680.3971271242347
7433635785645051179,1468.7310377758536
7433636212595821867,5841.870642116011
7433637669248175402,355.41822523465805
7433639541220625695,2840.209987569936
7433935270132731178,7.702532671825918
7433936792929209642,1986.1833657895054
7433941383028804894,108870.86377218048
7433946067495931178,320.40012481067413
7433954474235940126,306819.72406450013
7433960547630206254,571.9415805824194
7433960739297119518,310.7315373056472
7433963610726075691,524.2251408690936
7433964421753474346,124185.93591879793
7433964973220547883,6481.774635435933
7433973547501997342,280.38486140888483
7433974466306247943,303.88837768377954
7433976974416153898,773.556988763897
7433982765441371423,221717.25607139594
7433987334225268011,538.4478547896188
7433988853066714411,394.37689353875777
7433993027749694751,4450.879584738615
7434000156929887518,641.5831508069031
7434006204269055275,3124.7611706105286
7434012629510704415,1475.073496582832
7434026754534034719,85.03037953415586
7434258973521382698,10422.105669027977
7434305824920538398,20627.844230179115
7434306667946216750,265.24236840537253
7434318749081275694,3673.845346060414
7434319962510003486,381.3739657229156
7434325592121642271,6515.9835650517725
7434328854686223659,434.41832065261576
7434332219042204959,340.02655432971125
7434334299891027243,364.7781490495353
7434336136325008670,1553.4225780929705
7434347745135037739,359.10902764814784
7434351818521546026,713.4889037915173
7434352135715753258,33840.143097916734
7434381736315784490,87450.83663001203
7434382150364826910,2482.472236279012
7434384517453925663,6883.004096737274
7434393335806102827,677.7969963804288
7434406819713355050,714.2916634266984
7434681546159836459,1021.8596252344163
7434681648970714411,618.9384188606737
7434682860147150126,1025.6220703471274
7434684474476039454,1568.84047498885
7434688133653941534,1593.45562976528
7434689659889798431,2512.3162608133375
7434697327912242463,408.50565279862974
7434698104529636638,281.6454317017245
7434698260997999915,374.8692183538584
7434699757190204703,288.25118884464234
7434709448045825326,410.45694703440097
7434712238608567598,1312.5252068308587
7434715867931299115,346.5961680678526
7434718322786143531,1603.6813353661637
7434718716899659051,509.2037931251128
7434719154583702827,723.8733976471317
7434725332504038699,1183.445714382035
7434728082168237354,1238.0210853996896
7434730963977997599,2298.9799022369098
7434731068416363822,1165.8422758896404
7434736299304553758,566.1661224819038
7434736587876912415,1895.946479189734
7434737756632304938,2199.405658209988
7434737854028221739,845.2381176865993
7434741237187415326,25769.348723512227
7434745441176128810,471.43194198678356
7434746174243949867,691.6891299551583
7434751498032041262,328.3731341025674
7434755987778719006,177.4598973421322
7434762311144951082,284.1130943148079
7434768870398905642,1884.9606571126594
7434774989301239071,4669.94034772592
7434780991522098475,107.0236493883036
7435054873424448799,422.7306836125209
7435056809792048426,6714.85159635634
7435057046040431915,7446.066231176819
7435062566386208042,96129.1628756452
7435074149669719327,1588.4155557789338
7435080724702760238,154737.7829960553
7435085768453868843,378.552227359158
7435093289830763818,7203.659230448831
7435102753518554410,1299.6054503577639
7435104195801304362,3490.539365273803
7435116170954542378,422.45862638208325
7435118899743477022,283.15887006512264
7435124823820356906,2091.467765314443
7435126104500784427,421.04939949273137
7435130474999319851,4853.401563500004
7435131105532988718,8343.726614539793
7435140435565219102,55.90118931670647
7435144045095046431,738.9971478255209
7435145254824709406,555.9149793134487
7435145331588730155,1046.2002200311265
7435424238183484714,4014.7761067239653
7435433515371580702,280.4062387217529
7435438213931470123,1099.380329635306
7435450968231169323,456.26706326320726
7435467370174663982,357.0057901460526
7435472501876018478,641.7108804415583
7435472789781499167,394.1110599570216
7435474047145659678,2422.6349572794416
7435495550570777886,188.2237067561995
7435496840549764383,198.19795383429155
7435503385794792750,493.00978659858845
7435505012756811051,1839.8752271173228
